FullGeoName,siteID,Year,Month,Culex_all,Culex_tarsalis,Culex_pipiens,field_site_county,field_site_state,field_latitude,field_longitude
"WA, Clark",ABBY,2017,7,2,1,1,Clark,WA,45.762439,-122.33032
"WA, Clark",ABBY,2017,8,7,4,3,Clark,WA,45.762439,-122.33032
"WA, Clark",ABBY,2018,6,2,2,0,Clark,WA,45.762439,-122.33032
"WA, Clark",ABBY,2018,7,22,20,2,Clark,WA,45.762439,-122.33032
"WA, Clark",ABBY,2018,8,3,2,1,Clark,WA,45.762439,-122.33032
"WA, Clark",ABBY,2019,7,5,5,0,Clark,WA,45.762439,-122.33032
"WA, Clark",ABBY,2021,6,1,1,0,Clark,WA,45.762439,-122.33032
"WA, Clark",ABBY,2021,7,4,4,0,Clark,WA,45.762439,-122.33032
"NH, Carroll",BART,2017,6,1,0,0,Carroll,NH,44.063889,-71.287375
"NH, Carroll",BART,2017,7,4,0,0,Carroll,NH,44.063889,-71.287375
"NH, Carroll",BART,2017,10,1,0,0,Carroll,NH,44.063889,-71.287375
"NH, Carroll",BART,2018,7,1,0,0,Carroll,NH,44.063889,-71.287375
"VA, Clarke",BLAN,2015,5,6,0,0,Clarke,VA,39.033698,-78.041788
"VA, Clarke",BLAN,2015,6,4,0,2,Clarke,VA,39.033698,-78.041788
"VA, Clarke",BLAN,2015,7,34,0,0,Clarke,VA,39.033698,-78.041788
"VA, Clarke",BLAN,2015,8,26,0,0,Clarke,VA,39.033698,-78.041788
"VA, Clarke",BLAN,2015,9,3,0,0,Clarke,VA,39.033698,-78.041788
"VA, Clarke",BLAN,2015,10,1,0,0,Clarke,VA,39.033698,-78.041788
"VA, Clarke",BLAN,2015,11,2,0,0,Clarke,VA,39.033698,-78.041788
"VA, Clarke",BLAN,2016,4,5,0,0,Clarke,VA,39.033698,-78.041788
"VA, Clarke",BLAN,2016,5,5,0,5,Clarke,VA,39.033698,-78.041788
"VA, Clarke",BLAN,2016,6,1,0,1,Clarke,VA,39.033698,-78.041788
"VA, Clarke",BLAN,2016,7,2,0,1,Clarke,VA,39.033698,-78.041788
"VA, Clarke",BLAN,2016,8,47,0,0,Clarke,VA,39.033698,-78.041788
"VA, Clarke",BLAN,2016,9,27,0,2,Clarke,VA,39.033698,-78.041788
"VA, Clarke",BLAN,2016,10,1,0,0,Clarke,VA,39.033698,-78.041788
"VA, Clarke",BLAN,2016,11,1,0,1,Clarke,VA,39.033698,-78.041788
"VA, Clarke",BLAN,2017,4,2,0,0,Clarke,VA,39.033698,-78.041788
"VA, Clarke",BLAN,2017,5,11,0,0,Clarke,VA,39.033698,-78.041788
"VA, Clarke",BLAN,2017,6,4,0,1,Clarke,VA,39.033698,-78.041788
"VA, Clarke",BLAN,2017,7,36,0,0,Clarke,VA,39.033698,-78.041788
"VA, Clarke",BLAN,2017,8,85,0,0,Clarke,VA,39.033698,-78.041788
"VA, Clarke",BLAN,2017,9,19,0,1,Clarke,VA,39.033698,-78.041788
"VA, Clarke",BLAN,2017,10,5,0,0,Clarke,VA,39.033698,-78.041788
"VA, Clarke",BLAN,2018,5,1,0,0,Clarke,VA,39.033698,-78.041788
"VA, Clarke",BLAN,2018,6,50.923419660261764,0,0,Clarke,VA,39.033698,-78.041788
"VA, Clarke",BLAN,2018,7,42.3448275862069,0,0,Clarke,VA,39.033698,-78.041788
"VA, Clarke",BLAN,2018,8,88,0,0,Clarke,VA,39.033698,-78.041788
"VA, Clarke",BLAN,2018,9,47,0,0,Clarke,VA,39.033698,-78.041788
"VA, Clarke",BLAN,2018,10,301.1009757492705,0,0,Clarke,VA,39.033698,-78.041788
"VA, Clarke",BLAN,2019,4,3,0,0,Clarke,VA,39.033698,-78.041788
"VA, Clarke",BLAN,2019,5,15,0,0,Clarke,VA,39.033698,-78.041788
"VA, Clarke",BLAN,2019,6,4,0,0,Clarke,VA,39.033698,-78.041788
"VA, Clarke",BLAN,2019,7,3,0,0,Clarke,VA,39.033698,-78.041788
"VA, Clarke",BLAN,2019,8,4,0,0,Clarke,VA,39.033698,-78.041788
"VA, Clarke",BLAN,2019,9,18,0,0,Clarke,VA,39.033698,-78.041788
"VA, Clarke",BLAN,2019,10,11,0,1,Clarke,VA,39.033698,-78.041788
"VA, Clarke",BLAN,2020,7,31,0,0,Clarke,VA,39.033698,-78.041788
"VA, Clarke",BLAN,2020,8,12,0,0,Clarke,VA,39.033698,-78.041788
"VA, Clarke",BLAN,2020,9,8,0,1,Clarke,VA,39.033698,-78.041788
"VA, Clarke",BLAN,2021,6,1,0,0,Clarke,VA,39.033698,-78.041788
"VA, Clarke",BLAN,2021,7,1,0,0,Clarke,VA,39.033698,-78.041788
"VA, Clarke",BLAN,2021,8,18,0,0,Clarke,VA,39.033698,-78.041788
"VA, Clarke",BLAN,2021,9,15,0,0,Clarke,VA,39.033698,-78.041788
"AK, Fairbanks North Star",BONA,2019,5,2.487562189054726,2.487562189054726,0,Fairbanks North Star,AK,65.15401,-147.50258
"AK, Fairbanks North Star",BONA,2019,7,1,1,0,Fairbanks North Star,AK,65.15401,-147.50258
"AK, Fairbanks North Star",BONA,2020,8,1,0,0,Fairbanks North Star,AK,65.15401,-147.50258
"AK, Fairbanks North Star",BONA,2021,4,1.2453300124533,0,0,Fairbanks North Star,AK,65.15401,-147.50258
"AK, Fairbanks North Star",BONA,2021,7,1,1,0,Fairbanks North Star,AK,65.15401,-147.50258
"TX, Wise",CLBJ,2016,4,98.69613523378631,43.21027287319422,0,Wise,TX,33.40123,-97.57
"TX, Wise",CLBJ,2016,5,360.25509457444247,114.52424237893761,0,Wise,TX,33.40123,-97.57
"TX, Wise",CLBJ,2016,6,1041.2762805085827,155.74870261853107,0,Wise,TX,33.40123,-97.57
"TX, Wise",CLBJ,2016,7,6616.431937313696,2,0,Wise,TX,33.40123,-97.57
"TX, Wise",CLBJ,2016,8,4067.9183429492177,1,0,Wise,TX,33.40123,-97.57
"TX, Wise",CLBJ,2016,9,2163.752808988764,152,0,Wise,TX,33.40123,-97.57
"TX, Wise",CLBJ,2016,10,845,167,0,Wise,TX,33.40123,-97.57
"TX, Wise",CLBJ,2016,11,220,13,0,Wise,TX,33.40123,-97.57
"TX, Wise",CLBJ,2017,2,9,0,0,Wise,TX,33.40123,-97.57
"TX, Wise",CLBJ,2017,3,63,25,0,Wise,TX,33.40123,-97.57
"TX, Wise",CLBJ,2017,4,104,68,0,Wise,TX,33.40123,-97.57
"TX, Wise",CLBJ,2017,5,92,12,0,Wise,TX,33.40123,-97.57
"TX, Wise",CLBJ,2017,6,154.34448160535118,3,0,Wise,TX,33.40123,-97.57
"TX, Wise",CLBJ,2017,7,647,0,0,Wise,TX,33.40123,-97.57
"TX, Wise",CLBJ,2017,8,1989.6026212356132,4,0,Wise,TX,33.40123,-97.57
"TX, Wise",CLBJ,2017,9,632,145,0,Wise,TX,33.40123,-97.57
"TX, Wise",CLBJ,2017,10,104.23027166882277,66.9366106080207,0,Wise,TX,33.40123,-97.57
"TX, Wise",CLBJ,2017,11,5,1,0,Wise,TX,33.40123,-97.57
"TX, Wise",CLBJ,2017,12,8,0,0,Wise,TX,33.40123,-97.57
"TX, Wise",CLBJ,2018,2,2,2,0,Wise,TX,33.40123,-97.57
"TX, Wise",CLBJ,2018,3,16.906182012349255,13.906182012349257,0,Wise,TX,33.40123,-97.57
"TX, Wise",CLBJ,2018,4,95.2258064516129,78.2258064516129,0,Wise,TX,33.40123,-97.57
"TX, Wise",CLBJ,2018,5,45,16,0,Wise,TX,33.40123,-97.57
"TX, Wise",CLBJ,2018,6,58,1,0,Wise,TX,33.40123,-97.57
"TX, Wise",CLBJ,2018,7,208,1,0,Wise,TX,33.40123,-97.57
"TX, Wise",CLBJ,2018,8,44,5,0,Wise,TX,33.40123,-97.57
"TX, Wise",CLBJ,2018,9,234,21,0,Wise,TX,33.40123,-97.57
"TX, Wise",CLBJ,2018,10,111,16,0,Wise,TX,33.40123,-97.57
"TX, Wise",CLBJ,2018,11,26,3,0,Wise,TX,33.40123,-97.57
"TX, Wise",CLBJ,2018,12,1,0,0,Wise,TX,33.40123,-97.57
"TX, Wise",CLBJ,2019,3,3,1,0,Wise,TX,33.40123,-97.57
"TX, Wise",CLBJ,2019,4,57,26,0,Wise,TX,33.40123,-97.57
"TX, Wise",CLBJ,2019,5,80.76243093922652,52.76243093922652,0,Wise,TX,33.40123,-97.57
"TX, Wise",CLBJ,2019,6,150.62696941612603,44,0,Wise,TX,33.40123,-97.57
"TX, Wise",CLBJ,2019,7,267,0,0,Wise,TX,33.40123,-97.57
"TX, Wise",CLBJ,2019,8,114,0,0,Wise,TX,33.40123,-97.57
"TX, Wise",CLBJ,2019,9,69,0,0,Wise,TX,33.40123,-97.57
"TX, Wise",CLBJ,2019,10,53,52,0,Wise,TX,33.40123,-97.57
"TX, Wise",CLBJ,2019,11,6,0,0,Wise,TX,33.40123,-97.57
"TX, Wise",CLBJ,2020,3,2,0,0,Wise,TX,33.40123,-97.57
"TX, Wise",CLBJ,2020,11,1,0,0,Wise,TX,33.40123,-97.57
"TX, Wise",CLBJ,2021,4,14,2,0,Wise,TX,33.40123,-97.57
"TX, Wise",CLBJ,2021,5,40,23,0,Wise,TX,33.40123,-97.57
"TX, Wise",CLBJ,2021,6,287.2457988462503,112.39779282668673,0,Wise,TX,33.40123,-97.57
"TX, Wise",CLBJ,2021,7,245.06451612903226,5.290322580645161,0,Wise,TX,33.40123,-97.57
"TX, Wise",CLBJ,2021,8,363.4495206533318,0,0,Wise,TX,33.40123,-97.57
"TX, Wise",CLBJ,2021,9,27,4,0,Wise,TX,33.40123,-97.57
"TX, Wise",CLBJ,2021,10,288,262,0,Wise,TX,33.40123,-97.57
"TX, Wise",CLBJ,2021,11,6,1,0,Wise,TX,33.40123,-97.57
"CO, Weld",CPER,2014,6,8,8,0,Weld,CO,40.815536,-104.74559000000001
"CO, Weld",CPER,2014,7,1042,1040,1,Weld,CO,40.815536,-104.74559000000001
"CO, Weld",CPER,2014,8,265.07341921360614,245.0579551514131,0,Weld,CO,40.815536,-104.74559000000001
"CO, Weld",CPER,2014,9,10,9,0,Weld,CO,40.815536,-104.74559000000001
"CO, Weld",CPER,2014,10,2,2,0,Weld,CO,40.815536,-104.74559000000001
"CO, Weld",CPER,2016,6,4,4,0,Weld,CO,40.815536,-104.74559000000001
"CO, Weld",CPER,2016,7,26,26,0,Weld,CO,40.815536,-104.74559000000001
"CO, Weld",CPER,2016,8,20,19,0,Weld,CO,40.815536,-104.74559000000001
"CO, Weld",CPER,2016,9,32,32,0,Weld,CO,40.815536,-104.74559000000001
"CO, Weld",CPER,2017,6,16,16,0,Weld,CO,40.815536,-104.74559000000001
"CO, Weld",CPER,2017,7,24,24,0,Weld,CO,40.815536,-104.74559000000001
"CO, Weld",CPER,2017,8,119.0850995354391,119.0850995354391,0,Weld,CO,40.815536,-104.74559000000001
"CO, Weld",CPER,2017,9,26,26,0,Weld,CO,40.815536,-104.74559000000001
"CO, Weld",CPER,2018,5,2,2,0,Weld,CO,40.815536,-104.74559000000001
"CO, Weld",CPER,2018,6,5,5,0,Weld,CO,40.815536,-104.74559000000001
"CO, Weld",CPER,2018,7,6,6,0,Weld,CO,40.815536,-104.74559000000001
"CO, Weld",CPER,2018,8,42,42,0,Weld,CO,40.815536,-104.74559000000001
"CO, Weld",CPER,2018,9,4,4,0,Weld,CO,40.815536,-104.74559000000001
"CO, Weld",CPER,2019,6,15,15,0,Weld,CO,40.815536,-104.74559000000001
"CO, Weld",CPER,2019,7,131.34414611409903,131.34414611409903,0,Weld,CO,40.815536,-104.74559000000001
"CO, Weld",CPER,2019,8,53,53,0,Weld,CO,40.815536,-104.74559000000001
"CO, Weld",CPER,2020,8,1,1,0,Weld,CO,40.815536,-104.74559000000001
"CO, Weld",CPER,2021,6,10,10,0,Weld,CO,40.815536,-104.74559000000001
"CO, Weld",CPER,2021,7,765.2307692307693,765.2307692307693,0,Weld,CO,40.815536,-104.74559000000001
"CO, Weld",CPER,2021,8,33,33,0,Weld,CO,40.815536,-104.74559000000001
"CO, Weld",CPER,2021,9,1,1,0,Weld,CO,40.815536,-104.74559000000001
"ND, Stutsman",DCFS,2017,6,37,37,0,Stutsman,ND,47.16165,-99.10656
"ND, Stutsman",DCFS,2017,7,139.95165708274544,139.95165708274544,0,Stutsman,ND,47.16165,-99.10656
"ND, Stutsman",DCFS,2017,8,474,474,0,Stutsman,ND,47.16165,-99.10656
"ND, Stutsman",DCFS,2017,9,4.809523809523809,4.809523809523809,0,Stutsman,ND,47.16165,-99.10656
"ND, Stutsman",DCFS,2018,6,100.29878363320196,100.29878363320196,0,Stutsman,ND,47.16165,-99.10656
"ND, Stutsman",DCFS,2018,7,9326.866673368771,9297.454908662889,29.41176470588235,Stutsman,ND,47.16165,-99.10656
"ND, Stutsman",DCFS,2018,8,125.51394809259159,125.51394809259159,0,Stutsman,ND,47.16165,-99.10656
"ND, Stutsman",DCFS,2019,6,17.335403147360985,17.335403147360985,0,Stutsman,ND,47.16165,-99.10656
"ND, Stutsman",DCFS,2019,7,1990.4987703299037,1925.642700202629,0,Stutsman,ND,47.16165,-99.10656
"ND, Stutsman",DCFS,2019,8,176.62221823546724,176.62221823546724,0,Stutsman,ND,47.16165,-99.10656
"ND, Stutsman",DCFS,2020,6,10,10,0,Stutsman,ND,47.16165,-99.10656
"ND, Stutsman",DCFS,2020,7,188,187,0,Stutsman,ND,47.16165,-99.10656
"ND, Stutsman",DCFS,2020,8,801.808347888911,801.808347888911,0,Stutsman,ND,47.16165,-99.10656
"ND, Stutsman",DCFS,2021,6,31,28,0,Stutsman,ND,47.16165,-99.10656
"ND, Stutsman",DCFS,2021,7,1402.3705288769718,1402.3705288769718,0,Stutsman,ND,47.16165,-99.10656
"AK, Southeast Fairbanks",DEJU,2018,6,1,1,0,Southeast Fairbanks,AK,63.88112,-145.75136
"AK, Southeast Fairbanks",DEJU,2019,8,1,1,0,Southeast Fairbanks,AK,63.88112,-145.75136
"AL, Greene",DELA,2016,5,183,0,0,Greene,AL,32.541727,-87.803877
"AL, Greene",DELA,2016,6,1157,0,0,Greene,AL,32.541727,-87.803877
"AL, Greene",DELA,2016,7,387,0,0,Greene,AL,32.541727,-87.803877
"AL, Greene",DELA,2016,8,368,0,0,Greene,AL,32.541727,-87.803877
"AL, Greene",DELA,2016,9,495,0,0,Greene,AL,32.541727,-87.803877
"AL, Greene",DELA,2016,10,281.8974905303496,0,0,Greene,AL,32.541727,-87.803877
"AL, Greene",DELA,2016,11,19,0,0,Greene,AL,32.541727,-87.803877
"AL, Greene",DELA,2017,3,1321.7992589218725,0,0,Greene,AL,32.541727,-87.803877
"AL, Greene",DELA,2017,4,462.46226546843866,0,0,Greene,AL,32.541727,-87.803877
"AL, Greene",DELA,2017,5,1084.7770824329798,0,0,Greene,AL,32.541727,-87.803877
"AL, Greene",DELA,2017,6,4790.640140105293,0,0,Greene,AL,32.541727,-87.803877
"AL, Greene",DELA,2017,7,14877.92604563342,0,0,Greene,AL,32.541727,-87.803877
"AL, Greene",DELA,2017,8,24319.431439082156,0,0,Greene,AL,32.541727,-87.803877
"AL, Greene",DELA,2017,9,5899.4194258872,0,0,Greene,AL,32.541727,-87.803877
"AL, Greene",DELA,2017,10,3294.525467210038,0,0,Greene,AL,32.541727,-87.803877
"AL, Greene",DELA,2017,11,2537.7455338887466,0,0,Greene,AL,32.541727,-87.803877
"AL, Greene",DELA,2017,12,126.88772845953002,0,0,Greene,AL,32.541727,-87.803877
"AL, Greene",DELA,2018,3,124.26060275949561,0,0,Greene,AL,32.541727,-87.803877
"AL, Greene",DELA,2018,5,323.13108177360306,0,0,Greene,AL,32.541727,-87.803877
"AL, Greene",DELA,2018,6,531.5025326389384,0,0,Greene,AL,32.541727,-87.803877
"AL, Greene",DELA,2018,7,2778.9721136623025,0,0,Greene,AL,32.541727,-87.803877
"AL, Greene",DELA,2018,8,1083.266149870801,0,0,Greene,AL,32.541727,-87.803877
"AL, Greene",DELA,2018,9,1082.0841514216684,0,0,Greene,AL,32.541727,-87.803877
"AL, Greene",DELA,2018,10,2528.9059453049986,0,0,Greene,AL,32.541727,-87.803877
"AL, Greene",DELA,2018,11,605.8906752514087,0,0,Greene,AL,32.541727,-87.803877
"AL, Greene",DELA,2018,12,1,0,0,Greene,AL,32.541727,-87.803877
"AL, Greene",DELA,2019,2,7,0,0,Greene,AL,32.541727,-87.803877
"AL, Greene",DELA,2019,3,171.0364471645861,0,0,Greene,AL,32.541727,-87.803877
"AL, Greene",DELA,2019,5,1006.2401873669771,0,0,Greene,AL,32.541727,-87.803877
"AL, Greene",DELA,2019,6,1116.715059588299,0,0,Greene,AL,32.541727,-87.803877
"AL, Greene",DELA,2019,7,599,0,0,Greene,AL,32.541727,-87.803877
"AL, Greene",DELA,2019,8,735.2558139534883,0,0,Greene,AL,32.541727,-87.803877
"AL, Greene",DELA,2019,9,1459.6752625032918,0,0,Greene,AL,32.541727,-87.803877
"AL, Greene",DELA,2019,10,84.86242426973793,0,0,Greene,AL,32.541727,-87.803877
"AL, Greene",DELA,2019,11,18,0,0,Greene,AL,32.541727,-87.803877
"AL, Greene",DELA,2020,5,460.122786379301,0,0,Greene,AL,32.541727,-87.803877
"AL, Greene",DELA,2020,7,1444.7150355438062,0,0,Greene,AL,32.541727,-87.803877
"AL, Greene",DELA,2020,8,1326.5475465157535,0,0,Greene,AL,32.541727,-87.803877
"AL, Greene",DELA,2020,9,2716.551415360247,0,0,Greene,AL,32.541727,-87.803877
"AL, Greene",DELA,2020,10,509.85760941331824,0,0,Greene,AL,32.541727,-87.803877
"AL, Greene",DELA,2020,11,5,0,0,Greene,AL,32.541727,-87.803877
"AL, Greene",DELA,2020,12,13,0,0,Greene,AL,32.541727,-87.803877
"AL, Greene",DELA,2021,2,2,0,0,Greene,AL,32.541727,-87.803877
"AL, Greene",DELA,2021,4,223.57966400144431,0,0,Greene,AL,32.541727,-87.803877
"AL, Greene",DELA,2021,5,546.2380952380952,0,0,Greene,AL,32.541727,-87.803877
"AL, Greene",DELA,2021,6,1429.7902482922536,0,0,Greene,AL,32.541727,-87.803877
"AL, Greene",DELA,2021,7,1104.1751535556314,0,0,Greene,AL,32.541727,-87.803877
"AL, Greene",DELA,2021,8,1013.7906976744187,0,0,Greene,AL,32.541727,-87.803877
"AL, Greene",DELA,2021,9,773.2839163850374,0,0,Greene,AL,32.541727,-87.803877
"AL, Greene",DELA,2021,10,1000.8780041444094,0,0,Greene,AL,32.541727,-87.803877
"AL, Greene",DELA,2021,11,111.50836835098062,0,0,Greene,AL,32.541727,-87.803877
"AL, Greene",DELA,2022,1,1,0,0,Greene,AL,32.541727,-87.803877
"FL, Osceola",DSNY,2014,4,646.7927767339532,0,0,Osceola,FL,28.12505,-81.43619
"FL, Osceola",DSNY,2014,5,18648.378013568337,0,0,Osceola,FL,28.12505,-81.43619
"FL, Osceola",DSNY,2014,6,4015.633287358342,0,0,Osceola,FL,28.12505,-81.43619
"FL, Osceola",DSNY,2014,7,22281.985304745504,0,0,Osceola,FL,28.12505,-81.43619
"FL, Osceola",DSNY,2014,8,8803.968787778915,0,0,Osceola,FL,28.12505,-81.43619
"FL, Osceola",DSNY,2014,9,3658.942175734957,0,0,Osceola,FL,28.12505,-81.43619
"FL, Osceola",DSNY,2014,10,9291.124328571255,0,0,Osceola,FL,28.12505,-81.43619
"FL, Osceola",DSNY,2016,4,2045.0417233935964,0,0,Osceola,FL,28.12505,-81.43619
"FL, Osceola",DSNY,2016,5,518.7425055877601,0,0,Osceola,FL,28.12505,-81.43619
"FL, Osceola",DSNY,2016,6,61.69146155654852,0,0,Osceola,FL,28.12505,-81.43619
"FL, Osceola",DSNY,2016,7,623.7502555428059,0,0,Osceola,FL,28.12505,-81.43619
"FL, Osceola",DSNY,2016,8,98.7697374794149,0,0,Osceola,FL,28.12505,-81.43619
"FL, Osceola",DSNY,2016,9,26344.74442386659,0,0,Osceola,FL,28.12505,-81.43619
"FL, Osceola",DSNY,2016,10,7789.825203042128,0,0,Osceola,FL,28.12505,-81.43619
"FL, Osceola",DSNY,2016,11,2902.0228402704884,0,0,Osceola,FL,28.12505,-81.43619
"FL, Osceola",DSNY,2017,3,754.3199604324057,0,0,Osceola,FL,28.12505,-81.43619
"FL, Osceola",DSNY,2017,4,993.3547344830035,0,0,Osceola,FL,28.12505,-81.43619
"FL, Osceola",DSNY,2017,5,1046.3606007982207,0,0,Osceola,FL,28.12505,-81.43619
"FL, Osceola",DSNY,2017,6,62772.776327109634,0,0,Osceola,FL,28.12505,-81.43619
"FL, Osceola",DSNY,2017,7,73737.13670910949,0,0,Osceola,FL,28.12505,-81.43619
"FL, Osceola",DSNY,2017,8,16073.473868887077,0,0,Osceola,FL,28.12505,-81.43619
"FL, Osceola",DSNY,2017,9,64948.291873199545,0,0,Osceola,FL,28.12505,-81.43619
"FL, Osceola",DSNY,2017,10,60941.60303588797,0,0,Osceola,FL,28.12505,-81.43619
"FL, Osceola",DSNY,2017,11,8535.771161828266,0,0,Osceola,FL,28.12505,-81.43619
"FL, Osceola",DSNY,2017,12,1008.1373618530433,0,0,Osceola,FL,28.12505,-81.43619
"FL, Osceola",DSNY,2018,1,367.20338983050846,0,0,Osceola,FL,28.12505,-81.43619
"FL, Osceola",DSNY,2018,2,1607.3659298659368,0,0,Osceola,FL,28.12505,-81.43619
"FL, Osceola",DSNY,2018,3,140.69296987087517,0,0,Osceola,FL,28.12505,-81.43619
"FL, Osceola",DSNY,2018,4,385.607476635514,0,0,Osceola,FL,28.12505,-81.43619
"FL, Osceola",DSNY,2018,5,302.238513796655,0,0,Osceola,FL,28.12505,-81.43619
"FL, Osceola",DSNY,2018,6,10585.927949583518,0,0,Osceola,FL,28.12505,-81.43619
"FL, Osceola",DSNY,2018,7,8493.591625375735,0,0,Osceola,FL,28.12505,-81.43619
"FL, Osceola",DSNY,2018,8,7053.320829909381,0,0,Osceola,FL,28.12505,-81.43619
"FL, Osceola",DSNY,2018,9,2509.2645453863965,0,0,Osceola,FL,28.12505,-81.43619
"FL, Osceola",DSNY,2018,10,1178.4178069257546,0,0,Osceola,FL,28.12505,-81.43619
"FL, Osceola",DSNY,2018,11,384.513267499472,0,0,Osceola,FL,28.12505,-81.43619
"FL, Osceola",DSNY,2018,12,126.30654231510898,0,0,Osceola,FL,28.12505,-81.43619
"FL, Osceola",DSNY,2019,1,405.9599935085219,0,0,Osceola,FL,28.12505,-81.43619
"FL, Osceola",DSNY,2019,2,535.9844724503133,0,0,Osceola,FL,28.12505,-81.43619
"FL, Osceola",DSNY,2019,3,956.3204577669636,0,0,Osceola,FL,28.12505,-81.43619
"FL, Osceola",DSNY,2019,4,445.25908829197243,0,0,Osceola,FL,28.12505,-81.43619
"FL, Osceola",DSNY,2019,5,6852.839286196089,0,0,Osceola,FL,28.12505,-81.43619
"FL, Osceola",DSNY,2019,6,1148.9762395015775,0,0,Osceola,FL,28.12505,-81.43619
"FL, Osceola",DSNY,2019,7,24691.340523797917,0,0,Osceola,FL,28.12505,-81.43619
"FL, Osceola",DSNY,2019,8,123002.61714197008,0,0,Osceola,FL,28.12505,-81.43619
"FL, Osceola",DSNY,2019,9,8113.607850838619,0,0,Osceola,FL,28.12505,-81.43619
"FL, Osceola",DSNY,2019,10,1779.8180323450151,0,0,Osceola,FL,28.12505,-81.43619
"FL, Osceola",DSNY,2019,11,3486.6681708753504,0,0,Osceola,FL,28.12505,-81.43619
"FL, Osceola",DSNY,2019,12,2722.1953210451184,0,0,Osceola,FL,28.12505,-81.43619
"FL, Osceola",DSNY,2020,1,1576.6677054465872,0,0,Osceola,FL,28.12505,-81.43619
"FL, Osceola",DSNY,2020,2,3710.4713681479175,0,0,Osceola,FL,28.12505,-81.43619
"FL, Osceola",DSNY,2020,6,22489.69798218689,0,0,Osceola,FL,28.12505,-81.43619
"FL, Osceola",DSNY,2020,11,464.52952931950995,0,0,Osceola,FL,28.12505,-81.43619
"FL, Osceola",DSNY,2020,12,189.18022003045587,0,0,Osceola,FL,28.12505,-81.43619
"FL, Osceola",DSNY,2021,1,413.8320507371903,0,0,Osceola,FL,28.12505,-81.43619
"FL, Osceola",DSNY,2021,2,386.03949657651896,0,0,Osceola,FL,28.12505,-81.43619
"FL, Osceola",DSNY,2021,3,199.35461340690034,0,0,Osceola,FL,28.12505,-81.43619
"FL, Osceola",DSNY,2021,4,452.87212482759577,0,0,Osceola,FL,28.12505,-81.43619
"FL, Osceola",DSNY,2021,5,339.48271183283293,0,0,Osceola,FL,28.12505,-81.43619
"FL, Osceola",DSNY,2021,6,974.1499809395789,0,0,Osceola,FL,28.12505,-81.43619
"FL, Osceola",DSNY,2021,7,33771.911536637235,0,0,Osceola,FL,28.12505,-81.43619
"FL, Osceola",DSNY,2021,8,10412.804367087398,0,0,Osceola,FL,28.12505,-81.43619
"FL, Osceola",DSNY,2021,10,6711.316321289901,0,0,Osceola,FL,28.12505,-81.43619
"FL, Osceola",DSNY,2021,11,805.0727118930171,0,0,Osceola,FL,28.12505,-81.43619
"FL, Osceola",DSNY,2021,12,525.5421911723283,0,0,Osceola,FL,28.12505,-81.43619
"FL, Osceola",DSNY,2022,1,80.47457627118644,0,0,Osceola,FL,28.12505,-81.43619
"TN, Sevier",GRSM,2016,4,7,0,0,Sevier,TN,35.68896,-83.50195
"TN, Sevier",GRSM,2016,5,1,0,0,Sevier,TN,35.68896,-83.50195
"TN, Sevier",GRSM,2016,6,1,0,0,Sevier,TN,35.68896,-83.50195
"TN, Sevier",GRSM,2016,9,8,0,0,Sevier,TN,35.68896,-83.50195
"TN, Sevier",GRSM,2016,10,30,0,0,Sevier,TN,35.68896,-83.50195
"TN, Sevier",GRSM,2016,11,19,0,0,Sevier,TN,35.68896,-83.50195
"TN, Sevier",GRSM,2017,3,3,0,0,Sevier,TN,35.68896,-83.50195
"TN, Sevier",GRSM,2017,4,12,0,0,Sevier,TN,35.68896,-83.50195
"TN, Sevier",GRSM,2017,5,1,0,0,Sevier,TN,35.68896,-83.50195
"TN, Sevier",GRSM,2017,6,2,0,0,Sevier,TN,35.68896,-83.50195
"TN, Sevier",GRSM,2017,7,1,0,0,Sevier,TN,35.68896,-83.50195
"TN, Sevier",GRSM,2017,8,54,0,0,Sevier,TN,35.68896,-83.50195
"TN, Sevier",GRSM,2017,9,25,0,0,Sevier,TN,35.68896,-83.50195
"TN, Sevier",GRSM,2018,9,13,0,0,Sevier,TN,35.68896,-83.50195
"TN, Sevier",GRSM,2018,10,14,0,0,Sevier,TN,35.68896,-83.50195
"TN, Sevier",GRSM,2019,4,3,0,0,Sevier,TN,35.68896,-83.50195
"TN, Sevier",GRSM,2019,7,2,0,0,Sevier,TN,35.68896,-83.50195
"TN, Sevier",GRSM,2019,8,9,0,0,Sevier,TN,35.68896,-83.50195
"TN, Sevier",GRSM,2019,9,8,0,0,Sevier,TN,35.68896,-83.50195
"TN, Sevier",GRSM,2019,10,13,0,0,Sevier,TN,35.68896,-83.50195
"TN, Sevier",GRSM,2019,12,6,0,0,Sevier,TN,35.68896,-83.50195
"TN, Sevier",GRSM,2021,4,1,0,0,Sevier,TN,35.68896,-83.50195
"TN, Sevier",GRSM,2021,7,2,0,0,Sevier,TN,35.68896,-83.50195
"TN, Sevier",GRSM,2021,9,2,0,0,Sevier,TN,35.68896,-83.50195
"PR, Guanica Municipio",GUAN,2016,2,27,0,0,Guanica Municipio,PR,17.96955,-66.8687
"PR, Guanica Municipio",GUAN,2016,3,133,0,0,Guanica Municipio,PR,17.96955,-66.8687
"PR, Guanica Municipio",GUAN,2016,4,4,0,0,Guanica Municipio,PR,17.96955,-66.8687
"PR, Guanica Municipio",GUAN,2016,5,33.93798449612403,0,0,Guanica Municipio,PR,17.96955,-66.8687
"PR, Guanica Municipio",GUAN,2016,6,180,0,0,Guanica Municipio,PR,17.96955,-66.8687
"PR, Guanica Municipio",GUAN,2016,7,27,0,0,Guanica Municipio,PR,17.96955,-66.8687
"PR, Guanica Municipio",GUAN,2016,8,15,0,0,Guanica Municipio,PR,17.96955,-66.8687
"PR, Guanica Municipio",GUAN,2016,9,87,0,0,Guanica Municipio,PR,17.96955,-66.8687
"PR, Guanica Municipio",GUAN,2016,10,693.7019898815523,0,0,Guanica Municipio,PR,17.96955,-66.8687
"PR, Guanica Municipio",GUAN,2016,11,11751.008200537304,0,0,Guanica Municipio,PR,17.96955,-66.8687
"PR, Guanica Municipio",GUAN,2017,2,93,0,0,Guanica Municipio,PR,17.96955,-66.8687
"PR, Guanica Municipio",GUAN,2017,3,39,0,0,Guanica Municipio,PR,17.96955,-66.8687
"PR, Guanica Municipio",GUAN,2017,4,32,0,0,Guanica Municipio,PR,17.96955,-66.8687
"PR, Guanica Municipio",GUAN,2017,5,5,0,0,Guanica Municipio,PR,17.96955,-66.8687
"PR, Guanica Municipio",GUAN,2017,7,2,0,0,Guanica Municipio,PR,17.96955,-66.8687
"PR, Guanica Municipio",GUAN,2017,8,51,0,0,Guanica Municipio,PR,17.96955,-66.8687
"PR, Guanica Municipio",GUAN,2017,9,138,0,0,Guanica Municipio,PR,17.96955,-66.8687
"PR, Guanica Municipio",GUAN,2017,12,220,0,0,Guanica Municipio,PR,17.96955,-66.8687
"PR, Guanica Municipio",GUAN,2018,1,71,0,0,Guanica Municipio,PR,17.96955,-66.8687
"PR, Guanica Municipio",GUAN,2018,2,49,0,0,Guanica Municipio,PR,17.96955,-66.8687
"PR, Guanica Municipio",GUAN,2018,3,45,0,0,Guanica Municipio,PR,17.96955,-66.8687
"PR, Guanica Municipio",GUAN,2018,4,7,0,0,Guanica Municipio,PR,17.96955,-66.8687
"PR, Guanica Municipio",GUAN,2018,7,4,0,0,Guanica Municipio,PR,17.96955,-66.8687
"PR, Guanica Municipio",GUAN,2018,8,19,0,0,Guanica Municipio,PR,17.96955,-66.8687
"PR, Guanica Municipio",GUAN,2018,9,272,0,0,Guanica Municipio,PR,17.96955,-66.8687
"PR, Guanica Municipio",GUAN,2018,10,1009.9211912039447,0,0,Guanica Municipio,PR,17.96955,-66.8687
"PR, Guanica Municipio",GUAN,2018,11,404.62668941433634,0,0,Guanica Municipio,PR,17.96955,-66.8687
"PR, Guanica Municipio",GUAN,2018,12,167,0,0,Guanica Municipio,PR,17.96955,-66.8687
"PR, Guanica Municipio",GUAN,2019,1,18,0,0,Guanica Municipio,PR,17.96955,-66.8687
"PR, Guanica Municipio",GUAN,2019,2,1,0,0,Guanica Municipio,PR,17.96955,-66.8687
"PR, Guanica Municipio",GUAN,2019,3,21,0,0,Guanica Municipio,PR,17.96955,-66.8687
"PR, Guanica Municipio",GUAN,2019,4,9,0,0,Guanica Municipio,PR,17.96955,-66.8687
"PR, Guanica Municipio",GUAN,2019,5,6.01010101010101,0,0,Guanica Municipio,PR,17.96955,-66.8687
"PR, Guanica Municipio",GUAN,2019,6,1,0,0,Guanica Municipio,PR,17.96955,-66.8687
"PR, Guanica Municipio",GUAN,2019,7,8,0,0,Guanica Municipio,PR,17.96955,-66.8687
"PR, Guanica Municipio",GUAN,2019,8,33,0,0,Guanica Municipio,PR,17.96955,-66.8687
"PR, Guanica Municipio",GUAN,2019,9,399,0,0,Guanica Municipio,PR,17.96955,-66.8687
"PR, Guanica Municipio",GUAN,2019,10,2730.565224015818,0,0,Guanica Municipio,PR,17.96955,-66.8687
"PR, Guanica Municipio",GUAN,2019,11,2432.1293499445987,0,0,Guanica Municipio,PR,17.96955,-66.8687
"PR, Guanica Municipio",GUAN,2019,12,417,0,0,Guanica Municipio,PR,17.96955,-66.8687
"PR, Guanica Municipio",GUAN,2020,3,472,0,0,Guanica Municipio,PR,17.96955,-66.8687
"PR, Guanica Municipio",GUAN,2020,6,2,0,0,Guanica Municipio,PR,17.96955,-66.8687
"PR, Guanica Municipio",GUAN,2020,7,13,0,0,Guanica Municipio,PR,17.96955,-66.8687
"PR, Guanica Municipio",GUAN,2020,8,712.0338983050848,0,0,Guanica Municipio,PR,17.96955,-66.8687
"PR, Guanica Municipio",GUAN,2020,9,402,0,0,Guanica Municipio,PR,17.96955,-66.8687
"PR, Guanica Municipio",GUAN,2020,10,113,0,0,Guanica Municipio,PR,17.96955,-66.8687
"PR, Guanica Municipio",GUAN,2020,11,224,0,0,Guanica Municipio,PR,17.96955,-66.8687
"PR, Guanica Municipio",GUAN,2020,12,129,0,0,Guanica Municipio,PR,17.96955,-66.8687
"PR, Guanica Municipio",GUAN,2021,1,36,0,0,Guanica Municipio,PR,17.96955,-66.8687
"PR, Guanica Municipio",GUAN,2021,2,13,0,0,Guanica Municipio,PR,17.96955,-66.8687
"PR, Guanica Municipio",GUAN,2021,3,11,0,0,Guanica Municipio,PR,17.96955,-66.8687
"PR, Guanica Municipio",GUAN,2021,4,4,0,0,Guanica Municipio,PR,17.96955,-66.8687
"PR, Guanica Municipio",GUAN,2021,5,6,0,0,Guanica Municipio,PR,17.96955,-66.8687
"PR, Guanica Municipio",GUAN,2021,6,10,0,0,Guanica Municipio,PR,17.96955,-66.8687
"PR, Guanica Municipio",GUAN,2021,7,59,0,0,Guanica Municipio,PR,17.96955,-66.8687
"PR, Guanica Municipio",GUAN,2021,8,41,0,0,Guanica Municipio,PR,17.96955,-66.8687
"PR, Guanica Municipio",GUAN,2021,9,48,0,0,Guanica Municipio,PR,17.96955,-66.8687
"PR, Guanica Municipio",GUAN,2021,10,112,0,0,Guanica Municipio,PR,17.96955,-66.8687
"PR, Guanica Municipio",GUAN,2021,11,256,0,0,Guanica Municipio,PR,17.96955,-66.8687
"PR, Guanica Municipio",GUAN,2021,12,155,0,0,Guanica Municipio,PR,17.96955,-66.8687
"PR, Guanica Municipio",GUAN,2022,1,411,0,0,Guanica Municipio,PR,17.96955,-66.8687
"MA, Worcester",HARV,2014,7,16.00815850815851,0,0,Worcester,MA,42.53691,-72.17265
"MA, Worcester",HARV,2014,8,1,0,1,Worcester,MA,42.53691,-72.17265
"MA, Worcester",HARV,2016,5,6,0,0,Worcester,MA,42.53691,-72.17265
"MA, Worcester",HARV,2016,6,10.217687074829932,0,0,Worcester,MA,42.53691,-72.17265
"MA, Worcester",HARV,2016,7,2,0,0,Worcester,MA,42.53691,-72.17265
"MA, Worcester",HARV,2016,8,3,0,0,Worcester,MA,42.53691,-72.17265
"MA, Worcester",HARV,2016,9,12,0,0,Worcester,MA,42.53691,-72.17265
"MA, Worcester",HARV,2016,10,1,0,0,Worcester,MA,42.53691,-72.17265
"MA, Worcester",HARV,2017,5,7,0,0,Worcester,MA,42.53691,-72.17265
"MA, Worcester",HARV,2017,6,13,0,0,Worcester,MA,42.53691,-72.17265
"MA, Worcester",HARV,2017,7,27.22341540073337,0,0,Worcester,MA,42.53691,-72.17265
"MA, Worcester",HARV,2017,8,15,0,0,Worcester,MA,42.53691,-72.17265
"MA, Worcester",HARV,2017,9,2,0,0,Worcester,MA,42.53691,-72.17265
"MA, Worcester",HARV,2017,10,1,0,0,Worcester,MA,42.53691,-72.17265
"MA, Worcester",HARV,2018,7,4.436426116838488,0,0,Worcester,MA,42.53691,-72.17265
"MA, Worcester",HARV,2018,8,1,0,0,Worcester,MA,42.53691,-72.17265
"MA, Worcester",HARV,2018,11,1,0,0,Worcester,MA,42.53691,-72.17265
"MA, Worcester",HARV,2019,5,6,0,0,Worcester,MA,42.53691,-72.17265
"MA, Worcester",HARV,2019,6,1,0,0,Worcester,MA,42.53691,-72.17265
"MA, Worcester",HARV,2019,8,1,0,0,Worcester,MA,42.53691,-72.17265
"MA, Worcester",HARV,2019,9,1,0,0,Worcester,MA,42.53691,-72.17265
"MA, Worcester",HARV,2020,11,1,0,0,Worcester,MA,42.53691,-72.17265
"MA, Worcester",HARV,2021,5,1,0,0,Worcester,MA,42.53691,-72.17265
"MA, Worcester",HARV,2021,6,1,0,0,Worcester,MA,42.53691,-72.17265
"MA, Worcester",HARV,2021,7,8.247851650836726,0,0,Worcester,MA,42.53691,-72.17265
"MA, Worcester",HARV,2021,8,4.17103011881207,0,1,Worcester,MA,42.53691,-72.17265
"MA, Worcester",HARV,2021,9,3,0,0,Worcester,MA,42.53691,-72.17265
"MA, Worcester",HARV,2021,10,1,0,0,Worcester,MA,42.53691,-72.17265
"AK, Denali",HEAL,2016,6,1.7953321364452421,1.7953321364452421,0,Denali,AK,63.875798,-149.21335
"GA, Baker",JERC,2014,6,186,0,0,Baker,GA,31.194839,-84.468623
"GA, Baker",JERC,2014,7,271,0,0,Baker,GA,31.194839,-84.468623
"GA, Baker",JERC,2014,8,214,0,0,Baker,GA,31.194839,-84.468623
"GA, Baker",JERC,2014,9,208,0,0,Baker,GA,31.194839,-84.468623
"GA, Baker",JERC,2014,10,308,0,0,Baker,GA,31.194839,-84.468623
"GA, Baker",JERC,2016,3,26.57142857142857,0,0,Baker,GA,31.194839,-84.468623
"GA, Baker",JERC,2016,4,1,0,0,Baker,GA,31.194839,-84.468623
"GA, Baker",JERC,2016,5,29,0,0,Baker,GA,31.194839,-84.468623
"GA, Baker",JERC,2016,6,51,0,0,Baker,GA,31.194839,-84.468623
"GA, Baker",JERC,2016,7,72,0,0,Baker,GA,31.194839,-84.468623
"GA, Baker",JERC,2016,8,56,0,0,Baker,GA,31.194839,-84.468623
"GA, Baker",JERC,2016,9,55,0,0,Baker,GA,31.194839,-84.468623
"GA, Baker",JERC,2016,10,35,0,0,Baker,GA,31.194839,-84.468623
"GA, Baker",JERC,2017,3,8,0,0,Baker,GA,31.194839,-84.468623
"GA, Baker",JERC,2017,4,6,0,0,Baker,GA,31.194839,-84.468623
"GA, Baker",JERC,2017,5,3,0,0,Baker,GA,31.194839,-84.468623
"GA, Baker",JERC,2017,6,17,0,0,Baker,GA,31.194839,-84.468623
"GA, Baker",JERC,2017,7,50,0,0,Baker,GA,31.194839,-84.468623
"GA, Baker",JERC,2017,8,316,0,0,Baker,GA,31.194839,-84.468623
"GA, Baker",JERC,2017,9,89,1,0,Baker,GA,31.194839,-84.468623
"GA, Baker",JERC,2017,10,27,0,0,Baker,GA,31.194839,-84.468623
"GA, Baker",JERC,2017,11,22,0,0,Baker,GA,31.194839,-84.468623
"GA, Baker",JERC,2017,12,34,0,0,Baker,GA,31.194839,-84.468623
"GA, Baker",JERC,2018,1,3,0,0,Baker,GA,31.194839,-84.468623
"GA, Baker",JERC,2018,2,23,0,0,Baker,GA,31.194839,-84.468623
"GA, Baker",JERC,2018,4,1,0,0,Baker,GA,31.194839,-84.468623
"GA, Baker",JERC,2018,5,2.6806722689075633,0,0,Baker,GA,31.194839,-84.468623
"GA, Baker",JERC,2018,6,9,0,0,Baker,GA,31.194839,-84.468623
"GA, Baker",JERC,2018,7,289.4343434343434,0,0,Baker,GA,31.194839,-84.468623
"GA, Baker",JERC,2018,8,317,0,0,Baker,GA,31.194839,-84.468623
"GA, Baker",JERC,2018,9,279,0,0,Baker,GA,31.194839,-84.468623
"GA, Baker",JERC,2018,10,114.86340298663848,0,0,Baker,GA,31.194839,-84.468623
"GA, Baker",JERC,2018,11,162,0,0,Baker,GA,31.194839,-84.468623
"GA, Baker",JERC,2018,12,16,0,0,Baker,GA,31.194839,-84.468623
"GA, Baker",JERC,2019,1,2,0,0,Baker,GA,31.194839,-84.468623
"GA, Baker",JERC,2019,2,241,0,0,Baker,GA,31.194839,-84.468623
"GA, Baker",JERC,2019,3,254,0,0,Baker,GA,31.194839,-84.468623
"GA, Baker",JERC,2019,4,300,0,0,Baker,GA,31.194839,-84.468623
"GA, Baker",JERC,2019,5,11,0,0,Baker,GA,31.194839,-84.468623
"GA, Baker",JERC,2019,6,28,1,0,Baker,GA,31.194839,-84.468623
"GA, Baker",JERC,2019,7,135,0,0,Baker,GA,31.194839,-84.468623
"GA, Baker",JERC,2019,8,503,0,0,Baker,GA,31.194839,-84.468623
"GA, Baker",JERC,2019,9,183,0,0,Baker,GA,31.194839,-84.468623
"GA, Baker",JERC,2019,10,121,0,0,Baker,GA,31.194839,-84.468623
"GA, Baker",JERC,2019,11,2,0,0,Baker,GA,31.194839,-84.468623
"GA, Baker",JERC,2019,12,38,0,0,Baker,GA,31.194839,-84.468623
"GA, Baker",JERC,2020,1,25,0,0,Baker,GA,31.194839,-84.468623
"GA, Baker",JERC,2020,2,78,0,0,Baker,GA,31.194839,-84.468623
"GA, Baker",JERC,2020,3,69.17208622579466,0,0,Baker,GA,31.194839,-84.468623
"GA, Baker",JERC,2020,6,74,0,0,Baker,GA,31.194839,-84.468623
"GA, Baker",JERC,2020,10,938.1649736308328,0,0,Baker,GA,31.194839,-84.468623
"GA, Baker",JERC,2020,11,15,0,0,Baker,GA,31.194839,-84.468623
"GA, Baker",JERC,2020,12,3,0,0,Baker,GA,31.194839,-84.468623
"GA, Baker",JERC,2021,2,20,0,0,Baker,GA,31.194839,-84.468623
"GA, Baker",JERC,2021,4,8,0,0,Baker,GA,31.194839,-84.468623
"GA, Baker",JERC,2021,5,110.7232315706991,0,0,Baker,GA,31.194839,-84.468623
"GA, Baker",JERC,2021,6,337.0080160320641,0,0,Baker,GA,31.194839,-84.468623
"GA, Baker",JERC,2021,7,494.6018158236057,0,0,Baker,GA,31.194839,-84.468623
"GA, Baker",JERC,2021,8,477,0,0,Baker,GA,31.194839,-84.468623
"GA, Baker",JERC,2021,10,30,0,0,Baker,GA,31.194839,-84.468623
"GA, Baker",JERC,2021,11,8,0,0,Baker,GA,31.194839,-84.468623
"GA, Baker",JERC,2021,12,10,0,0,Baker,GA,31.194839,-84.468623
"GA, Baker",JERC,2022,1,1,0,0,Baker,GA,31.194839,-84.468623
"NM, Dona Ana",JORN,2016,7,2,2,0,Dona Ana,NM,32.590694,-106.84254
"NM, Dona Ana",JORN,2016,8,17,17,0,Dona Ana,NM,32.590694,-106.84254
"NM, Dona Ana",JORN,2016,9,14,14,0,Dona Ana,NM,32.590694,-106.84254
"NM, Dona Ana",JORN,2016,10,5,5,0,Dona Ana,NM,32.590694,-106.84254
"NM, Dona Ana",JORN,2017,4,1,1,0,Dona Ana,NM,32.590694,-106.84254
"NM, Dona Ana",JORN,2017,5,2,2,0,Dona Ana,NM,32.590694,-106.84254
"NM, Dona Ana",JORN,2017,6,6,6,0,Dona Ana,NM,32.590694,-106.84254
"NM, Dona Ana",JORN,2017,7,2,2,0,Dona Ana,NM,32.590694,-106.84254
"NM, Dona Ana",JORN,2017,9,7,7,0,Dona Ana,NM,32.590694,-106.84254
"NM, Dona Ana",JORN,2018,7,2,2,0,Dona Ana,NM,32.590694,-106.84254
"NM, Dona Ana",JORN,2018,8,1,1,0,Dona Ana,NM,32.590694,-106.84254
"NM, Dona Ana",JORN,2018,10,4,3,1,Dona Ana,NM,32.590694,-106.84254
"NM, Dona Ana",JORN,2019,6,8,8,0,Dona Ana,NM,32.590694,-106.84254
"NM, Dona Ana",JORN,2019,7,12,12,0,Dona Ana,NM,32.590694,-106.84254
"NM, Dona Ana",JORN,2019,10,1,1,0,Dona Ana,NM,32.590694,-106.84254
"NM, Dona Ana",JORN,2021,7,9,9,0,Dona Ana,NM,32.590694,-106.84254
"NM, Dona Ana",JORN,2021,8,13,13,0,Dona Ana,NM,32.590694,-106.84254
"NM, Dona Ana",JORN,2021,9,1,1,0,Dona Ana,NM,32.590694,-106.84254
"KS, Riley",KONA,2017,6,78,6,7,Riley,KS,39.110446,-96.612935
"KS, Riley",KONA,2017,7,215,43,17,Riley,KS,39.110446,-96.612935
"KS, Riley",KONA,2017,8,1271.7684244075108,519.2468189650643,403.73469128102704,Riley,KS,39.110446,-96.612935
"KS, Riley",KONA,2017,9,372.97802197802196,251,16,Riley,KS,39.110446,-96.612935
"KS, Riley",KONA,2017,10,89,2,0,Riley,KS,39.110446,-96.612935
"KS, Riley",KONA,2018,6,20,7,1,Riley,KS,39.110446,-96.612935
"KS, Riley",KONA,2018,7,260,204,32,Riley,KS,39.110446,-96.612935
"KS, Riley",KONA,2018,8,1775.1105287791452,1127.2224744974376,402.14904472287293,Riley,KS,39.110446,-96.612935
"KS, Riley",KONA,2018,9,1347.089628145184,1039.7141973562652,0,Riley,KS,39.110446,-96.612935
"KS, Riley",KONA,2018,10,32,1,0,Riley,KS,39.110446,-96.612935
"KS, Riley",KONA,2019,6,1360.505915524802,1316.0351098311396,0,Riley,KS,39.110446,-96.612935
"KS, Riley",KONA,2019,7,350.98512444037635,91.42239989041028,0,Riley,KS,39.110446,-96.612935
"KS, Riley",KONA,2019,8,1596.7689067385963,537.8979765458595,73.7208374875374,Riley,KS,39.110446,-96.612935
"KS, Riley",KONA,2019,9,1413.0070880207659,715.0400316435719,63.821669228890386,Riley,KS,39.110446,-96.612935
"KS, Riley",KONA,2019,10,27,0,0,Riley,KS,39.110446,-96.612935
"KS, Riley",KONA,2020,6,24.358695652173914,19,0,Riley,KS,39.110446,-96.612935
"KS, Riley",KONA,2020,7,4.758620689655173,3.7586206896551726,0,Riley,KS,39.110446,-96.612935
"KS, Riley",KONA,2020,8,680.5403012291132,81.86702199585227,14.698630136986303,Riley,KS,39.110446,-96.612935
"KS, Riley",KONA,2020,9,629.3652802893309,215.08318264014466,14,Riley,KS,39.110446,-96.612935
"KS, Riley",KONA,2020,10,19,0,1,Riley,KS,39.110446,-96.612935
"KS, Riley",KONA,2021,6,204.50266607668826,99.98186263335971,0,Riley,KS,39.110446,-96.612935
"KS, Riley",KONA,2021,7,74.16625310173697,9.240694789081886,0,Riley,KS,39.110446,-96.612935
"KS, Riley",KONA,2021,8,179.4223602484472,66,8,Riley,KS,39.110446,-96.612935
"KS, Riley",KONA,2021,9,414,144,29,Riley,KS,39.110446,-96.612935
"KS, Riley",KONZ,2016,5,11,5,0,Riley,KS,39.100774,-96.563075
"KS, Riley",KONZ,2016,6,154,145,0,Riley,KS,39.100774,-96.563075
"KS, Riley",KONZ,2016,7,39,27,0,Riley,KS,39.100774,-96.563075
"KS, Riley",KONZ,2016,8,450.7221104404203,357.2168566957299,0,Riley,KS,39.100774,-96.563075
"KS, Riley",KONZ,2016,9,339.95414816665453,239.32004611150566,0,Riley,KS,39.100774,-96.563075
"KS, Riley",KONZ,2016,10,142,26,0,Riley,KS,39.100774,-96.563075
"KS, Riley",KONZ,2016,11,89,0,0,Riley,KS,39.100774,-96.563075
"KS, Riley",KONZ,2017,4,5,2,0,Riley,KS,39.100774,-96.563075
"KS, Riley",KONZ,2017,5,84,82,0,Riley,KS,39.100774,-96.563075
"KS, Riley",KONZ,2017,6,32,29,0,Riley,KS,39.100774,-96.563075
"KS, Riley",KONZ,2017,7,8,6,0,Riley,KS,39.100774,-96.563075
"KS, Riley",KONZ,2017,8,146,114,1,Riley,KS,39.100774,-96.563075
"KS, Riley",KONZ,2017,9,139,118,0,Riley,KS,39.100774,-96.563075
"KS, Riley",KONZ,2017,10,17,2,0,Riley,KS,39.100774,-96.563075
"KS, Riley",KONZ,2018,5,56,55,0,Riley,KS,39.100774,-96.563075
"KS, Riley",KONZ,2018,6,1,1,0,Riley,KS,39.100774,-96.563075
"KS, Riley",KONZ,2018,7,11,8,0,Riley,KS,39.100774,-96.563075
"KS, Riley",KONZ,2018,8,464,452,0,Riley,KS,39.100774,-96.563075
"KS, Riley",KONZ,2018,9,31,23,0,Riley,KS,39.100774,-96.563075
"KS, Riley",KONZ,2018,10,5,0,0,Riley,KS,39.100774,-96.563075
"KS, Riley",KONZ,2019,5,180,160,0,Riley,KS,39.100774,-96.563075
"KS, Riley",KONZ,2019,6,473,359,0,Riley,KS,39.100774,-96.563075
"KS, Riley",KONZ,2019,7,488,199,0,Riley,KS,39.100774,-96.563075
"KS, Riley",KONZ,2019,8,33,11,0,Riley,KS,39.100774,-96.563075
"KS, Riley",KONZ,2019,9,187,146,0,Riley,KS,39.100774,-96.563075
"KS, Riley",KONZ,2019,10,6,5,0,Riley,KS,39.100774,-96.563075
"KS, Riley",KONZ,2020,6,98,97,0,Riley,KS,39.100774,-96.563075
"KS, Riley",KONZ,2020,7,10,4,2,Riley,KS,39.100774,-96.563075
"KS, Riley",KONZ,2020,8,24,12,0,Riley,KS,39.100774,-96.563075
"KS, Riley",KONZ,2020,9,5009,2005,0,Riley,KS,39.100774,-96.563075
"KS, Riley",KONZ,2020,10,4,2,0,Riley,KS,39.100774,-96.563075
"KS, Riley",KONZ,2021,5,1,1,0,Riley,KS,39.100774,-96.563075
"KS, Riley",KONZ,2021,6,40.21729490022173,28,0,Riley,KS,39.100774,-96.563075
"KS, Riley",KONZ,2021,7,57.36648250460405,30.683241252302025,0,Riley,KS,39.100774,-96.563075
"KS, Riley",KONZ,2021,8,11,6,0,Riley,KS,39.100774,-96.563075
"KS, Riley",KONZ,2021,9,174,157,0,Riley,KS,39.100774,-96.563075
"KS, Riley",KONZ,2021,10,36,3,1,Riley,KS,39.100774,-96.563075
"PR, Lajas Municipio",LAJA,2016,4,131,0,0,Lajas Municipio,PR,18.021261,-67.076889
"PR, Lajas Municipio",LAJA,2016,5,139,0,0,Lajas Municipio,PR,18.021261,-67.076889
"PR, Lajas Municipio",LAJA,2016,6,75,0,0,Lajas Municipio,PR,18.021261,-67.076889
"PR, Lajas Municipio",LAJA,2016,7,31,0,0,Lajas Municipio,PR,18.021261,-67.076889
"PR, Lajas Municipio",LAJA,2016,8,261,0,0,Lajas Municipio,PR,18.021261,-67.076889
"PR, Lajas Municipio",LAJA,2016,9,2408,0,0,Lajas Municipio,PR,18.021261,-67.076889
"PR, Lajas Municipio",LAJA,2016,10,2255.3967533101913,0,0,Lajas Municipio,PR,18.021261,-67.076889
"PR, Lajas Municipio",LAJA,2017,3,250,0,0,Lajas Municipio,PR,18.021261,-67.076889
"PR, Lajas Municipio",LAJA,2017,4,119,0,0,Lajas Municipio,PR,18.021261,-67.076889
"PR, Lajas Municipio",LAJA,2017,5,630,0,0,Lajas Municipio,PR,18.021261,-67.076889
"PR, Lajas Municipio",LAJA,2017,6,279,0,0,Lajas Municipio,PR,18.021261,-67.076889
"PR, Lajas Municipio",LAJA,2017,7,73,0,0,Lajas Municipio,PR,18.021261,-67.076889
"PR, Lajas Municipio",LAJA,2017,8,78,0,0,Lajas Municipio,PR,18.021261,-67.076889
"PR, Lajas Municipio",LAJA,2017,11,4601.661850984392,0,0,Lajas Municipio,PR,18.021261,-67.076889
"PR, Lajas Municipio",LAJA,2017,12,66,0,0,Lajas Municipio,PR,18.021261,-67.076889
"PR, Lajas Municipio",LAJA,2018,1,145,0,0,Lajas Municipio,PR,18.021261,-67.076889
"PR, Lajas Municipio",LAJA,2018,2,91,0,0,Lajas Municipio,PR,18.021261,-67.076889
"PR, Lajas Municipio",LAJA,2018,3,74,0,0,Lajas Municipio,PR,18.021261,-67.076889
"PR, Lajas Municipio",LAJA,2018,4,101.87573964497041,0,0,Lajas Municipio,PR,18.021261,-67.076889
"PR, Lajas Municipio",LAJA,2018,5,83,0,0,Lajas Municipio,PR,18.021261,-67.076889
"PR, Lajas Municipio",LAJA,2018,6,61,0,0,Lajas Municipio,PR,18.021261,-67.076889
"PR, Lajas Municipio",LAJA,2018,7,28,0,0,Lajas Municipio,PR,18.021261,-67.076889
"PR, Lajas Municipio",LAJA,2018,8,60,0,0,Lajas Municipio,PR,18.021261,-67.076889
"PR, Lajas Municipio",LAJA,2018,9,249,0,0,Lajas Municipio,PR,18.021261,-67.076889
"PR, Lajas Municipio",LAJA,2018,10,334,0,0,Lajas Municipio,PR,18.021261,-67.076889
"PR, Lajas Municipio",LAJA,2018,11,903.1252236135956,0,0,Lajas Municipio,PR,18.021261,-67.076889
"PR, Lajas Municipio",LAJA,2018,12,26.060606060606062,0,0,Lajas Municipio,PR,18.021261,-67.076889
"PR, Lajas Municipio",LAJA,2019,1,21,0,0,Lajas Municipio,PR,18.021261,-67.076889
"PR, Lajas Municipio",LAJA,2019,2,102,0,0,Lajas Municipio,PR,18.021261,-67.076889
"PR, Lajas Municipio",LAJA,2019,3,51,0,0,Lajas Municipio,PR,18.021261,-67.076889
"PR, Lajas Municipio",LAJA,2019,4,29,0,0,Lajas Municipio,PR,18.021261,-67.076889
"PR, Lajas Municipio",LAJA,2019,5,56,0,0,Lajas Municipio,PR,18.021261,-67.076889
"PR, Lajas Municipio",LAJA,2019,6,11,0,0,Lajas Municipio,PR,18.021261,-67.076889
"PR, Lajas Municipio",LAJA,2019,7,59,0,0,Lajas Municipio,PR,18.021261,-67.076889
"PR, Lajas Municipio",LAJA,2019,8,35,0,0,Lajas Municipio,PR,18.021261,-67.076889
"PR, Lajas Municipio",LAJA,2019,9,104,0,0,Lajas Municipio,PR,18.021261,-67.076889
"PR, Lajas Municipio",LAJA,2019,10,306,0,0,Lajas Municipio,PR,18.021261,-67.076889
"PR, Lajas Municipio",LAJA,2019,11,682,0,0,Lajas Municipio,PR,18.021261,-67.076889
"PR, Lajas Municipio",LAJA,2019,12,55,0,0,Lajas Municipio,PR,18.021261,-67.076889
"PR, Lajas Municipio",LAJA,2020,3,28,0,0,Lajas Municipio,PR,18.021261,-67.076889
"PR, Lajas Municipio",LAJA,2020,6,16,0,0,Lajas Municipio,PR,18.021261,-67.076889
"PR, Lajas Municipio",LAJA,2020,8,371,0,0,Lajas Municipio,PR,18.021261,-67.076889
"PR, Lajas Municipio",LAJA,2020,9,279,0,0,Lajas Municipio,PR,18.021261,-67.076889
"PR, Lajas Municipio",LAJA,2020,11,160,0,0,Lajas Municipio,PR,18.021261,-67.076889
"PR, Lajas Municipio",LAJA,2020,12,104,0,0,Lajas Municipio,PR,18.021261,-67.076889
"PR, Lajas Municipio",LAJA,2021,1,76,0,0,Lajas Municipio,PR,18.021261,-67.076889
"PR, Lajas Municipio",LAJA,2021,2,21,0,0,Lajas Municipio,PR,18.021261,-67.076889
"PR, Lajas Municipio",LAJA,2021,3,34,0,0,Lajas Municipio,PR,18.021261,-67.076889
"PR, Lajas Municipio",LAJA,2021,4,68,0,0,Lajas Municipio,PR,18.021261,-67.076889
"PR, Lajas Municipio",LAJA,2021,5,17,0,0,Lajas Municipio,PR,18.021261,-67.076889
"PR, Lajas Municipio",LAJA,2021,6,97,0,0,Lajas Municipio,PR,18.021261,-67.076889
"PR, Lajas Municipio",LAJA,2021,7,40,0,0,Lajas Municipio,PR,18.021261,-67.076889
"PR, Lajas Municipio",LAJA,2021,8,14,0,0,Lajas Municipio,PR,18.021261,-67.076889
"PR, Lajas Municipio",LAJA,2021,10,142,0,0,Lajas Municipio,PR,18.021261,-67.076889
"PR, Lajas Municipio",LAJA,2021,11,6450.692199238261,0,0,Lajas Municipio,PR,18.021261,-67.076889
"PR, Lajas Municipio",LAJA,2021,12,166,0,0,Lajas Municipio,PR,18.021261,-67.076889
"PR, Lajas Municipio",LAJA,2022,1,15,0,0,Lajas Municipio,PR,18.021261,-67.076889
"AL, Choctaw",LENO,2016,5,1163,0,0,Choctaw,AL,31.853861,-88.161181
"AL, Choctaw",LENO,2016,6,8649.234161717704,0,0,Choctaw,AL,31.853861,-88.161181
"AL, Choctaw",LENO,2016,7,29037.45163856059,0,0,Choctaw,AL,31.853861,-88.161181
"AL, Choctaw",LENO,2016,8,26429.060416085988,0,0,Choctaw,AL,31.853861,-88.161181
"AL, Choctaw",LENO,2016,9,9900.87546479766,0,0,Choctaw,AL,31.853861,-88.161181
"AL, Choctaw",LENO,2016,10,2519.484673734491,0,0,Choctaw,AL,31.853861,-88.161181
"AL, Choctaw",LENO,2016,11,276.79420151466735,0,0,Choctaw,AL,31.853861,-88.161181
"AL, Choctaw",LENO,2017,5,2757.58650617668,0,0,Choctaw,AL,31.853861,-88.161181
"AL, Choctaw",LENO,2017,6,18786.822767720772,0,0,Choctaw,AL,31.853861,-88.161181
"AL, Choctaw",LENO,2017,7,51472.44116923572,0,0,Choctaw,AL,31.853861,-88.161181
"AL, Choctaw",LENO,2017,8,80053.90111615961,0,0,Choctaw,AL,31.853861,-88.161181
"AL, Choctaw",LENO,2017,9,11441.217921057669,0,0,Choctaw,AL,31.853861,-88.161181
"AL, Choctaw",LENO,2017,10,298.1262131553994,0,0,Choctaw,AL,31.853861,-88.161181
"AL, Choctaw",LENO,2017,11,51,0,0,Choctaw,AL,31.853861,-88.161181
"AL, Choctaw",LENO,2017,12,104,0,0,Choctaw,AL,31.853861,-88.161181
"AL, Choctaw",LENO,2018,2,546.9129006925109,0,0,Choctaw,AL,31.853861,-88.161181
"AL, Choctaw",LENO,2018,3,44,0,0,Choctaw,AL,31.853861,-88.161181
"AL, Choctaw",LENO,2018,4,268.7985758768226,0,0,Choctaw,AL,31.853861,-88.161181
"AL, Choctaw",LENO,2018,5,857.3557516763026,0,0,Choctaw,AL,31.853861,-88.161181
"AL, Choctaw",LENO,2018,6,7083.821011563139,0,0,Choctaw,AL,31.853861,-88.161181
"AL, Choctaw",LENO,2018,7,32483.096797515784,0,0,Choctaw,AL,31.853861,-88.161181
"AL, Choctaw",LENO,2018,8,7636.489264246356,0,0,Choctaw,AL,31.853861,-88.161181
"AL, Choctaw",LENO,2018,9,11712.721140273963,0,0,Choctaw,AL,31.853861,-88.161181
"AL, Choctaw",LENO,2018,10,3526.699115312857,0,0,Choctaw,AL,31.853861,-88.161181
"AL, Choctaw",LENO,2018,11,210.19213973799125,0,0,Choctaw,AL,31.853861,-88.161181
"AL, Choctaw",LENO,2018,12,37,0,0,Choctaw,AL,31.853861,-88.161181
"AL, Choctaw",LENO,2019,2,104,0,0,Choctaw,AL,31.853861,-88.161181
"AL, Choctaw",LENO,2019,3,63,0,0,Choctaw,AL,31.853861,-88.161181
"AL, Choctaw",LENO,2019,4,492,0,0,Choctaw,AL,31.853861,-88.161181
"AL, Choctaw",LENO,2019,5,1124.0233832029498,0,0,Choctaw,AL,31.853861,-88.161181
"AL, Choctaw",LENO,2019,6,6165.2990594083285,0,0,Choctaw,AL,31.853861,-88.161181
"AL, Choctaw",LENO,2019,7,36103.0784038176,0,0,Choctaw,AL,31.853861,-88.161181
"AL, Choctaw",LENO,2019,8,5057.412093921997,0,0,Choctaw,AL,31.853861,-88.161181
"AL, Choctaw",LENO,2019,9,1916.0129601422188,0,0,Choctaw,AL,31.853861,-88.161181
"AL, Choctaw",LENO,2019,10,138.63108411104488,0,0,Choctaw,AL,31.853861,-88.161181
"AL, Choctaw",LENO,2019,11,2,0,0,Choctaw,AL,31.853861,-88.161181
"AL, Choctaw",LENO,2021,3,119,0,0,Choctaw,AL,31.853861,-88.161181
"AL, Choctaw",LENO,2021,5,1447.73945571535,0,0,Choctaw,AL,31.853861,-88.161181
"AL, Choctaw",LENO,2021,6,2252.0692735336625,0,0,Choctaw,AL,31.853861,-88.161181
"AL, Choctaw",LENO,2021,7,3095.489510737757,0,0,Choctaw,AL,31.853861,-88.161181
"AL, Choctaw",LENO,2021,8,7661.135784755634,0,0,Choctaw,AL,31.853861,-88.161181
"AL, Choctaw",LENO,2021,9,3332.7661508199194,0,0,Choctaw,AL,31.853861,-88.161181
"AL, Choctaw",LENO,2021,10,386.1528509066379,0,0,Choctaw,AL,31.853861,-88.161181
"AL, Choctaw",LENO,2021,11,30.21995764140201,0,0,Choctaw,AL,31.853861,-88.161181
"AL, Choctaw",LENO,2021,12,41,0,0,Choctaw,AL,31.853861,-88.161181
"VA, Giles",MLBS,2017,10,5,0,0,Giles,VA,37.378314,-80.524847
"VA, Giles",MLBS,2018,5,1,0,0,Giles,VA,37.378314,-80.524847
"VA, Giles",MLBS,2018,6,1,0,0,Giles,VA,37.378314,-80.524847
"VA, Giles",MLBS,2018,7,2,0,0,Giles,VA,37.378314,-80.524847
"VA, Giles",MLBS,2018,8,4,0,0,Giles,VA,37.378314,-80.524847
"VA, Giles",MLBS,2018,10,2,0,0,Giles,VA,37.378314,-80.524847
"VA, Giles",MLBS,2019,5,4,0,0,Giles,VA,37.378314,-80.524847
"VA, Giles",MLBS,2019,6,2,0,0,Giles,VA,37.378314,-80.524847
"VA, Giles",MLBS,2019,8,7,0,0,Giles,VA,37.378314,-80.524847
"VA, Giles",MLBS,2019,9,3,0,0,Giles,VA,37.378314,-80.524847
"VA, Giles",MLBS,2019,10,1,0,0,Giles,VA,37.378314,-80.524847
"UT, San Juan",MOAB,2016,5,1,1,0,San Juan,UT,38.248283,-109.38827
"UT, San Juan",MOAB,2016,6,38,38,0,San Juan,UT,38.248283,-109.38827
"UT, San Juan",MOAB,2016,7,113,113,0,San Juan,UT,38.248283,-109.38827
"UT, San Juan",MOAB,2016,8,74,74,0,San Juan,UT,38.248283,-109.38827
"UT, San Juan",MOAB,2017,5,8,8,0,San Juan,UT,38.248283,-109.38827
"UT, San Juan",MOAB,2017,6,49,49,0,San Juan,UT,38.248283,-109.38827
"UT, San Juan",MOAB,2017,7,29,29,0,San Juan,UT,38.248283,-109.38827
"UT, San Juan",MOAB,2017,8,233.73366057057842,233.73366057057842,0,San Juan,UT,38.248283,-109.38827
"UT, San Juan",MOAB,2017,9,5,5,0,San Juan,UT,38.248283,-109.38827
"UT, San Juan",MOAB,2018,4,3,3,0,San Juan,UT,38.248283,-109.38827
"UT, San Juan",MOAB,2018,5,5,5,0,San Juan,UT,38.248283,-109.38827
"UT, San Juan",MOAB,2018,6,12,12,0,San Juan,UT,38.248283,-109.38827
"UT, San Juan",MOAB,2018,7,10,10,0,San Juan,UT,38.248283,-109.38827
"UT, San Juan",MOAB,2018,8,77.18884120171674,77.18884120171674,0,San Juan,UT,38.248283,-109.38827
"UT, San Juan",MOAB,2019,6,56,56,0,San Juan,UT,38.248283,-109.38827
"UT, San Juan",MOAB,2019,7,707.1190108191654,707.1190108191654,0,San Juan,UT,38.248283,-109.38827
"UT, San Juan",MOAB,2019,8,65,65,0,San Juan,UT,38.248283,-109.38827
"UT, San Juan",MOAB,2020,8,1,1,0,San Juan,UT,38.248283,-109.38827
"UT, San Juan",MOAB,2021,7,3,3,0,San Juan,UT,38.248283,-109.38827
"UT, San Juan",MOAB,2021,8,339,339,0,San Juan,UT,38.248283,-109.38827
"UT, San Juan",MOAB,2021,9,22,22,0,San Juan,UT,38.248283,-109.38827
"CO, Boulder",NIWO,2021,8,1,1,0,Boulder,CO,40.05425,-105.58237
"ND, Morton",NOGP,2016,6,23,23,0,Morton,ND,46.76972,-100.91535
"ND, Morton",NOGP,2016,7,387.03400390525877,387.03400390525877,0,Morton,ND,46.76972,-100.91535
"ND, Morton",NOGP,2016,8,509,503,4,Morton,ND,46.76972,-100.91535
"ND, Morton",NOGP,2017,6,16,16,0,Morton,ND,46.76972,-100.91535
"ND, Morton",NOGP,2017,7,372,369,3,Morton,ND,46.76972,-100.91535
"ND, Morton",NOGP,2017,8,22,22,0,Morton,ND,46.76972,-100.91535
"ND, Morton",NOGP,2017,10,1,0,1,Morton,ND,46.76972,-100.91535
"ND, Morton",NOGP,2018,6,16,16,0,Morton,ND,46.76972,-100.91535
"ND, Morton",NOGP,2018,7,561.7320001786472,553.9430914129942,7.788908765652952,Morton,ND,46.76972,-100.91535
"ND, Morton",NOGP,2018,8,1649.0362499307366,1645.9701342282574,3.066115702479339,Morton,ND,46.76972,-100.91535
"ND, Morton",NOGP,2019,7,3,3,0,Morton,ND,46.76972,-100.91535
"ND, Morton",NOGP,2019,8,1886.3804290625726,1882.460129953,0,Morton,ND,46.76972,-100.91535
"ND, Morton",NOGP,2019,9,3,3,0,Morton,ND,46.76972,-100.91535
"ND, Morton",NOGP,2020,6,9,9,0,Morton,ND,46.76972,-100.91535
"ND, Morton",NOGP,2020,7,113,113,0,Morton,ND,46.76972,-100.91535
"ND, Morton",NOGP,2020,8,198,198,0,Morton,ND,46.76972,-100.91535
"ND, Morton",NOGP,2021,6,67,67,0,Morton,ND,46.76972,-100.91535
"ND, Morton",NOGP,2021,7,275,275,0,Morton,ND,46.76972,-100.91535
"ND, Morton",NOGP,2021,8,25,25,0,Morton,ND,46.76972,-100.91535
"OK, Washita",OAES,2016,4,12,9,0,Washita,OK,35.410599,-99.058779
"OK, Washita",OAES,2016,5,69,60,0,Washita,OK,35.410599,-99.058779
"OK, Washita",OAES,2016,6,269,214,0,Washita,OK,35.410599,-99.058779
"OK, Washita",OAES,2016,7,23,20,0,Washita,OK,35.410599,-99.058779
"OK, Washita",OAES,2016,8,508,7,0,Washita,OK,35.410599,-99.058779
"OK, Washita",OAES,2016,9,238.2987012987013,13.496503496503497,0,Washita,OK,35.410599,-99.058779
"OK, Washita",OAES,2016,10,423.40579710144925,377.71014492753625,0,Washita,OK,35.410599,-99.058779
"OK, Washita",OAES,2016,11,63,3,0,Washita,OK,35.410599,-99.058779
"OK, Washita",OAES,2017,3,3,3,0,Washita,OK,35.410599,-99.058779
"OK, Washita",OAES,2017,4,41,37,0,Washita,OK,35.410599,-99.058779
"OK, Washita",OAES,2017,5,222,207,0,Washita,OK,35.410599,-99.058779
"OK, Washita",OAES,2017,6,40,23,0,Washita,OK,35.410599,-99.058779
"OK, Washita",OAES,2017,7,52,11,0,Washita,OK,35.410599,-99.058779
"OK, Washita",OAES,2017,8,419,6,0,Washita,OK,35.410599,-99.058779
"OK, Washita",OAES,2017,9,1730.5087858579443,1414.0576998951085,0,Washita,OK,35.410599,-99.058779
"OK, Washita",OAES,2017,10,293,190,0,Washita,OK,35.410599,-99.058779
"OK, Washita",OAES,2018,3,1,1,0,Washita,OK,35.410599,-99.058779
"OK, Washita",OAES,2018,4,6,6,0,Washita,OK,35.410599,-99.058779
"OK, Washita",OAES,2018,5,22,22,0,Washita,OK,35.410599,-99.058779
"OK, Washita",OAES,2018,6,10,9,0,Washita,OK,35.410599,-99.058779
"OK, Washita",OAES,2018,7,29,15,0,Washita,OK,35.410599,-99.058779
"OK, Washita",OAES,2018,8,104,25,0,Washita,OK,35.410599,-99.058779
"OK, Washita",OAES,2018,9,395,127,0,Washita,OK,35.410599,-99.058779
"OK, Washita",OAES,2018,10,839.1027837576667,235.72625059589265,0,Washita,OK,35.410599,-99.058779
"OK, Washita",OAES,2019,5,1450.6666666666667,1437.3061224489795,0,Washita,OK,35.410599,-99.058779
"OK, Washita",OAES,2019,6,1035.601108033241,980.2908587257618,0,Washita,OK,35.410599,-99.058779
"OK, Washita",OAES,2019,7,141,65,0,Washita,OK,35.410599,-99.058779
"OK, Washita",OAES,2019,8,110,15,0,Washita,OK,35.410599,-99.058779
"OK, Washita",OAES,2019,9,117,4,0,Washita,OK,35.410599,-99.058779
"OK, Washita",OAES,2019,10,25,13,0,Washita,OK,35.410599,-99.058779
"OK, Washita",OAES,2021,7,462.97471449222337,295.14931766682656,0,Washita,OK,35.410599,-99.058779
"OK, Washita",OAES,2021,8,1171.2292110030694,436.74704110755147,0,Washita,OK,35.410599,-99.058779
"OK, Washita",OAES,2021,9,114,53,0,Washita,OK,35.410599,-99.058779
"OK, Washita",OAES,2021,10,28,0,0,Washita,OK,35.410599,-99.058779
"UT, Tooele",ONAQ,2014,5,1,1,0,Tooele,UT,40.177599,-112.45245
"UT, Tooele",ONAQ,2014,6,12,11,0,Tooele,UT,40.177599,-112.45245
"UT, Tooele",ONAQ,2014,7,94,93,0,Tooele,UT,40.177599,-112.45245
"UT, Tooele",ONAQ,2014,8,35,35,0,Tooele,UT,40.177599,-112.45245
"UT, Tooele",ONAQ,2014,9,20,20,0,Tooele,UT,40.177599,-112.45245
"UT, Tooele",ONAQ,2014,10,1,1,0,Tooele,UT,40.177599,-112.45245
"UT, Tooele",ONAQ,2016,4,41.956947162426616,41.956947162426616,0,Tooele,UT,40.177599,-112.45245
"UT, Tooele",ONAQ,2016,6,8,8,0,Tooele,UT,40.177599,-112.45245
"UT, Tooele",ONAQ,2016,7,2,2,0,Tooele,UT,40.177599,-112.45245
"UT, Tooele",ONAQ,2016,8,3,3,0,Tooele,UT,40.177599,-112.45245
"UT, Tooele",ONAQ,2016,9,1,1,0,Tooele,UT,40.177599,-112.45245
"UT, Tooele",ONAQ,2017,3,27,27,0,Tooele,UT,40.177599,-112.45245
"UT, Tooele",ONAQ,2017,5,13,12,0,Tooele,UT,40.177599,-112.45245
"UT, Tooele",ONAQ,2017,6,15,15,0,Tooele,UT,40.177599,-112.45245
"UT, Tooele",ONAQ,2017,7,105,103,2,Tooele,UT,40.177599,-112.45245
"UT, Tooele",ONAQ,2017,8,94,94,0,Tooele,UT,40.177599,-112.45245
"UT, Tooele",ONAQ,2017,9,5,5,0,Tooele,UT,40.177599,-112.45245
"UT, Tooele",ONAQ,2018,6,7,7,0,Tooele,UT,40.177599,-112.45245
"UT, Tooele",ONAQ,2018,7,5,5,0,Tooele,UT,40.177599,-112.45245
"UT, Tooele",ONAQ,2018,8,16,16,0,Tooele,UT,40.177599,-112.45245
"UT, Tooele",ONAQ,2018,9,2,2,0,Tooele,UT,40.177599,-112.45245
"UT, Tooele",ONAQ,2019,4,10,10,0,Tooele,UT,40.177599,-112.45245
"UT, Tooele",ONAQ,2019,5,1,1,0,Tooele,UT,40.177599,-112.45245
"UT, Tooele",ONAQ,2019,6,11,11,0,Tooele,UT,40.177599,-112.45245
"UT, Tooele",ONAQ,2019,7,18,18,0,Tooele,UT,40.177599,-112.45245
"UT, Tooele",ONAQ,2019,8,53,53,0,Tooele,UT,40.177599,-112.45245
"UT, Tooele",ONAQ,2019,9,92,92,0,Tooele,UT,40.177599,-112.45245
"UT, Tooele",ONAQ,2021,7,28.376251252316607,28.376251252316607,0,Tooele,UT,40.177599,-112.45245
"UT, Tooele",ONAQ,2021,8,15,15,0,Tooele,UT,40.177599,-112.45245
"UT, Tooele",ONAQ,2021,9,8,8,0,Tooele,UT,40.177599,-112.45245
"TN, Anderson",ORNL,2014,5,1,0,0,Anderson,TN,35.964128,-84.282588
"TN, Anderson",ORNL,2014,6,5,0,0,Anderson,TN,35.964128,-84.282588
"TN, Anderson",ORNL,2014,7,38,0,0,Anderson,TN,35.964128,-84.282588
"TN, Anderson",ORNL,2014,8,71,0,0,Anderson,TN,35.964128,-84.282588
"TN, Anderson",ORNL,2014,9,157,0,0,Anderson,TN,35.964128,-84.282588
"TN, Anderson",ORNL,2014,10,66,0,0,Anderson,TN,35.964128,-84.282588
"TN, Anderson",ORNL,2016,3,46,0,0,Anderson,TN,35.964128,-84.282588
"TN, Anderson",ORNL,2016,4,46,0,0,Anderson,TN,35.964128,-84.282588
"TN, Anderson",ORNL,2016,5,13,0,0,Anderson,TN,35.964128,-84.282588
"TN, Anderson",ORNL,2016,6,37,0,0,Anderson,TN,35.964128,-84.282588
"TN, Anderson",ORNL,2016,7,163,0,0,Anderson,TN,35.964128,-84.282588
"TN, Anderson",ORNL,2016,8,213,0,0,Anderson,TN,35.964128,-84.282588
"TN, Anderson",ORNL,2016,9,475,0,0,Anderson,TN,35.964128,-84.282588
"TN, Anderson",ORNL,2016,10,35,0,0,Anderson,TN,35.964128,-84.282588
"TN, Anderson",ORNL,2016,11,1,0,0,Anderson,TN,35.964128,-84.282588
"TN, Anderson",ORNL,2017,3,10,0,0,Anderson,TN,35.964128,-84.282588
"TN, Anderson",ORNL,2017,4,130,0,0,Anderson,TN,35.964128,-84.282588
"TN, Anderson",ORNL,2017,5,42,0,0,Anderson,TN,35.964128,-84.282588
"TN, Anderson",ORNL,2017,6,108,0,0,Anderson,TN,35.964128,-84.282588
"TN, Anderson",ORNL,2017,7,869,0,0,Anderson,TN,35.964128,-84.282588
"TN, Anderson",ORNL,2017,8,1204,0,0,Anderson,TN,35.964128,-84.282588
"TN, Anderson",ORNL,2017,9,932,0,0,Anderson,TN,35.964128,-84.282588
"TN, Anderson",ORNL,2017,10,264,0,0,Anderson,TN,35.964128,-84.282588
"TN, Anderson",ORNL,2017,11,12,0,0,Anderson,TN,35.964128,-84.282588
"TN, Anderson",ORNL,2018,2,2,0,0,Anderson,TN,35.964128,-84.282588
"TN, Anderson",ORNL,2018,3,5,0,0,Anderson,TN,35.964128,-84.282588
"TN, Anderson",ORNL,2018,4,8,0,0,Anderson,TN,35.964128,-84.282588
"TN, Anderson",ORNL,2018,5,7,0,0,Anderson,TN,35.964128,-84.282588
"TN, Anderson",ORNL,2018,6,52,1,0,Anderson,TN,35.964128,-84.282588
"TN, Anderson",ORNL,2018,7,163,0,0,Anderson,TN,35.964128,-84.282588
"TN, Anderson",ORNL,2018,8,935,0,0,Anderson,TN,35.964128,-84.282588
"TN, Anderson",ORNL,2018,9,529,0,0,Anderson,TN,35.964128,-84.282588
"TN, Anderson",ORNL,2018,10,82,0,0,Anderson,TN,35.964128,-84.282588
"TN, Anderson",ORNL,2018,11,8,0,0,Anderson,TN,35.964128,-84.282588
"TN, Anderson",ORNL,2019,4,34,0,0,Anderson,TN,35.964128,-84.282588
"TN, Anderson",ORNL,2019,5,3,0,0,Anderson,TN,35.964128,-84.282588
"TN, Anderson",ORNL,2019,6,36,0,0,Anderson,TN,35.964128,-84.282588
"TN, Anderson",ORNL,2019,7,70,0,0,Anderson,TN,35.964128,-84.282588
"TN, Anderson",ORNL,2019,8,740,0,0,Anderson,TN,35.964128,-84.282588
"TN, Anderson",ORNL,2019,9,595,0,0,Anderson,TN,35.964128,-84.282588
"TN, Anderson",ORNL,2019,10,49,0,0,Anderson,TN,35.964128,-84.282588
"TN, Anderson",ORNL,2019,11,1,0,0,Anderson,TN,35.964128,-84.282588
"TN, Anderson",ORNL,2020,3,2,0,0,Anderson,TN,35.964128,-84.282588
"TN, Anderson",ORNL,2020,6,13,0,0,Anderson,TN,35.964128,-84.282588
"TN, Anderson",ORNL,2020,7,137,0,0,Anderson,TN,35.964128,-84.282588
"TN, Anderson",ORNL,2020,8,371,0,0,Anderson,TN,35.964128,-84.282588
"TN, Anderson",ORNL,2020,9,328,0,0,Anderson,TN,35.964128,-84.282588
"TN, Anderson",ORNL,2020,10,54,0,0,Anderson,TN,35.964128,-84.282588
"TN, Anderson",ORNL,2021,3,3,0,0,Anderson,TN,35.964128,-84.282588
"TN, Anderson",ORNL,2021,4,6,0,0,Anderson,TN,35.964128,-84.282588
"TN, Anderson",ORNL,2021,5,2,0,0,Anderson,TN,35.964128,-84.282588
"TN, Anderson",ORNL,2021,6,23,0,0,Anderson,TN,35.964128,-84.282588
"TN, Anderson",ORNL,2021,7,314,0,0,Anderson,TN,35.964128,-84.282588
"TN, Anderson",ORNL,2021,8,367,0,1,Anderson,TN,35.964128,-84.282588
"TN, Anderson",ORNL,2021,9,329,0,0,Anderson,TN,35.964128,-84.282588
"TN, Anderson",ORNL,2021,10,27,0,0,Anderson,TN,35.964128,-84.282588
"TN, Anderson",ORNL,2021,12,2,0,0,Anderson,TN,35.964128,-84.282588
"FL, Putnam",OSBS,2014,4,2802.8410193410195,0,0,Putnam,FL,29.689282,-81.993431
"FL, Putnam",OSBS,2014,5,3482.484500797279,0,0,Putnam,FL,29.689282,-81.993431
"FL, Putnam",OSBS,2014,6,5885.42993042993,0,0,Putnam,FL,29.689282,-81.993431
"FL, Putnam",OSBS,2014,7,27474.59584908892,0,0,Putnam,FL,29.689282,-81.993431
"FL, Putnam",OSBS,2014,8,32779.438294107764,0,0,Putnam,FL,29.689282,-81.993431
"FL, Putnam",OSBS,2014,9,46031.80742409617,0,0,Putnam,FL,29.689282,-81.993431
"FL, Putnam",OSBS,2014,10,8836.25315926297,0,0,Putnam,FL,29.689282,-81.993431
"FL, Putnam",OSBS,2016,3,1409.4804256074146,0,0,Putnam,FL,29.689282,-81.993431
"FL, Putnam",OSBS,2016,4,952.1538516222374,0,0,Putnam,FL,29.689282,-81.993431
"FL, Putnam",OSBS,2016,5,3155.989291440675,0,0,Putnam,FL,29.689282,-81.993431
"FL, Putnam",OSBS,2016,6,3597.776698261845,0,0,Putnam,FL,29.689282,-81.993431
"FL, Putnam",OSBS,2016,7,6108.716181988521,0,0,Putnam,FL,29.689282,-81.993431
"FL, Putnam",OSBS,2016,8,4588.579218714603,0,0,Putnam,FL,29.689282,-81.993431
"FL, Putnam",OSBS,2016,9,2755.6619270288925,0,0,Putnam,FL,29.689282,-81.993431
"FL, Putnam",OSBS,2016,10,5468.541373082624,0,0,Putnam,FL,29.689282,-81.993431
"FL, Putnam",OSBS,2016,11,578.5620237889884,0,0,Putnam,FL,29.689282,-81.993431
"FL, Putnam",OSBS,2017,2,1258.1843604716078,0,0,Putnam,FL,29.689282,-81.993431
"FL, Putnam",OSBS,2017,3,999,0,0,Putnam,FL,29.689282,-81.993431
"FL, Putnam",OSBS,2017,4,463,0,0,Putnam,FL,29.689282,-81.993431
"FL, Putnam",OSBS,2017,5,249.48430493273543,0,0,Putnam,FL,29.689282,-81.993431
"FL, Putnam",OSBS,2017,6,17535.65330207098,0,0,Putnam,FL,29.689282,-81.993431
"FL, Putnam",OSBS,2017,7,105782.41839230031,0,0,Putnam,FL,29.689282,-81.993431
"FL, Putnam",OSBS,2017,8,23166.598803325418,0,0,Putnam,FL,29.689282,-81.993431
"FL, Putnam",OSBS,2017,9,Inf,NA,NA,Putnam,FL,29.689282,-81.993431
"FL, Putnam",OSBS,2017,10,35844.55444886557,0,0,Putnam,FL,29.689282,-81.993431
"FL, Putnam",OSBS,2017,11,2891.7118656095104,0,0,Putnam,FL,29.689282,-81.993431
"FL, Putnam",OSBS,2017,12,656,0,0,Putnam,FL,29.689282,-81.993431
"FL, Putnam",OSBS,2018,1,2638.1409328432424,0,0,Putnam,FL,29.689282,-81.993431
"FL, Putnam",OSBS,2018,2,7258.643351159326,0,0,Putnam,FL,29.689282,-81.993431
"FL, Putnam",OSBS,2018,3,815.7362637362637,0,0,Putnam,FL,29.689282,-81.993431
"FL, Putnam",OSBS,2018,4,1679.2470691292813,0,0,Putnam,FL,29.689282,-81.993431
"FL, Putnam",OSBS,2018,5,3416.9907996164175,0,0,Putnam,FL,29.689282,-81.993431
"FL, Putnam",OSBS,2018,6,9046.845905776918,0,0,Putnam,FL,29.689282,-81.993431
"FL, Putnam",OSBS,2018,7,13758.15596320283,0,0,Putnam,FL,29.689282,-81.993431
"FL, Putnam",OSBS,2018,8,11195.508226449536,0,0,Putnam,FL,29.689282,-81.993431
"FL, Putnam",OSBS,2018,9,13410.989325100774,0,0,Putnam,FL,29.689282,-81.993431
"FL, Putnam",OSBS,2018,10,9944.03369072589,0,0,Putnam,FL,29.689282,-81.993431
"FL, Putnam",OSBS,2018,11,754.9298245614035,0,0,Putnam,FL,29.689282,-81.993431
"FL, Putnam",OSBS,2018,12,178,0,0,Putnam,FL,29.689282,-81.993431
"FL, Putnam",OSBS,2019,1,108,0,0,Putnam,FL,29.689282,-81.993431
"FL, Putnam",OSBS,2019,2,3207.4791267957617,0,0,Putnam,FL,29.689282,-81.993431
"FL, Putnam",OSBS,2019,3,387.90431410157316,0,0,Putnam,FL,29.689282,-81.993431
"FL, Putnam",OSBS,2019,4,2491.011724710735,0,0,Putnam,FL,29.689282,-81.993431
"FL, Putnam",OSBS,2019,5,2158.012093376045,0,0,Putnam,FL,29.689282,-81.993431
"FL, Putnam",OSBS,2019,6,8011.588791192275,0,0,Putnam,FL,29.689282,-81.993431
"FL, Putnam",OSBS,2019,7,4398.323887873928,0,0,Putnam,FL,29.689282,-81.993431
"FL, Putnam",OSBS,2019,8,10144.870743396556,0,0,Putnam,FL,29.689282,-81.993431
"FL, Putnam",OSBS,2019,9,5312.5009237862105,0,0,Putnam,FL,29.689282,-81.993431
"FL, Putnam",OSBS,2019,10,4990.507734338154,0,0,Putnam,FL,29.689282,-81.993431
"FL, Putnam",OSBS,2019,11,177.14917127071823,0,0,Putnam,FL,29.689282,-81.993431
"FL, Putnam",OSBS,2019,12,1420.5787404380565,0,0,Putnam,FL,29.689282,-81.993431
"FL, Putnam",OSBS,2020,1,39,0,0,Putnam,FL,29.689282,-81.993431
"FL, Putnam",OSBS,2020,2,649.4564522333876,0,0,Putnam,FL,29.689282,-81.993431
"FL, Putnam",OSBS,2020,3,2109.4167117718434,0,0,Putnam,FL,29.689282,-81.993431
"FL, Putnam",OSBS,2020,6,5350.821061970955,0,0,Putnam,FL,29.689282,-81.993431
"FL, Putnam",OSBS,2020,7,3392.771919297084,0,0,Putnam,FL,29.689282,-81.993431
"FL, Putnam",OSBS,2020,10,2484.7066617582896,0,0,Putnam,FL,29.689282,-81.993431
"FL, Putnam",OSBS,2020,11,581.8099711064103,0,0,Putnam,FL,29.689282,-81.993431
"FL, Putnam",OSBS,2020,12,29,0,0,Putnam,FL,29.689282,-81.993431
"FL, Putnam",OSBS,2021,1,18,0,0,Putnam,FL,29.689282,-81.993431
"FL, Putnam",OSBS,2021,2,264,0,0,Putnam,FL,29.689282,-81.993431
"FL, Putnam",OSBS,2021,3,555.2117117085986,0,0,Putnam,FL,29.689282,-81.993431
"FL, Putnam",OSBS,2021,4,1691.388919431194,0,0,Putnam,FL,29.689282,-81.993431
"FL, Putnam",OSBS,2021,5,1379.0555436478846,0,0,Putnam,FL,29.689282,-81.993431
"FL, Putnam",OSBS,2021,6,1302,0,0,Putnam,FL,29.689282,-81.993431
"FL, Putnam",OSBS,2021,7,10528.478996448504,0,0,Putnam,FL,29.689282,-81.993431
"FL, Putnam",OSBS,2021,8,6435.496701309073,0,0,Putnam,FL,29.689282,-81.993431
"FL, Putnam",OSBS,2021,9,9619.652307112232,0,0,Putnam,FL,29.689282,-81.993431
"FL, Putnam",OSBS,2021,10,3757.701556983021,0,0,Putnam,FL,29.689282,-81.993431
"FL, Putnam",OSBS,2021,11,96,0,0,Putnam,FL,29.689282,-81.993431
"FL, Putnam",OSBS,2021,12,509.5578853893189,0,0,Putnam,FL,29.689282,-81.993431
"FL, Putnam",OSBS,2022,1,41,0,0,Putnam,FL,29.689282,-81.993431
"HI, Hawaii",PUUM,2018,10,2,0,0,Hawaii,HI,19.55309,-155.31731
"HI, Hawaii",PUUM,2019,3,1,0,0,Hawaii,HI,19.55309,-155.31731
"HI, Hawaii",PUUM,2019,5,3,0,0,Hawaii,HI,19.55309,-155.31731
"HI, Hawaii",PUUM,2019,6,1,0,0,Hawaii,HI,19.55309,-155.31731
"HI, Hawaii",PUUM,2019,7,1,0,0,Hawaii,HI,19.55309,-155.31731
"HI, Hawaii",PUUM,2019,9,1,0,0,Hawaii,HI,19.55309,-155.31731
"HI, Hawaii",PUUM,2019,10,2,0,0,Hawaii,HI,19.55309,-155.31731
"HI, Hawaii",PUUM,2019,12,1,0,0,Hawaii,HI,19.55309,-155.31731
"HI, Hawaii",PUUM,2020,2,2,0,0,Hawaii,HI,19.55309,-155.31731
"HI, Hawaii",PUUM,2020,8,2,0,0,Hawaii,HI,19.55309,-155.31731
"HI, Hawaii",PUUM,2020,9,2,0,0,Hawaii,HI,19.55309,-155.31731
"HI, Hawaii",PUUM,2020,10,2,0,0,Hawaii,HI,19.55309,-155.31731
"HI, Hawaii",PUUM,2020,11,3,0,0,Hawaii,HI,19.55309,-155.31731
"HI, Hawaii",PUUM,2021,3,1,0,0,Hawaii,HI,19.55309,-155.31731
"HI, Hawaii",PUUM,2021,7,1,0,0,Hawaii,HI,19.55309,-155.31731
"HI, Hawaii",PUUM,2021,11,1,0,0,Hawaii,HI,19.55309,-155.31731
"HI, Hawaii",PUUM,2021,12,1,0,0,Hawaii,HI,19.55309,-155.31731
"HI, Hawaii",PUUM,2022,1,1,0,0,Hawaii,HI,19.55309,-155.31731
"CO, Larimer",RMNP,2017,7,6,6,0,Larimer,CO,40.275903,-105.54596
"CO, Larimer",RMNP,2018,7,3,2,1,Larimer,CO,40.275903,-105.54596
"CO, Larimer",RMNP,2018,8,2,2,0,Larimer,CO,40.275903,-105.54596
"CO, Larimer",RMNP,2019,8,2,2,0,Larimer,CO,40.275903,-105.54596
"CO, Larimer",RMNP,2019,9,1,1,0,Larimer,CO,40.275903,-105.54596
"CO, Larimer",RMNP,2021,7,3,3,0,Larimer,CO,40.275903,-105.54596
"CO, Larimer",RMNP,2021,8,8,8,0,Larimer,CO,40.275903,-105.54596
"VA, Warren",SCBI,2014,6,12,0,0,Warren,VA,38.892925,-78.139494
"VA, Warren",SCBI,2014,7,15,0,5,Warren,VA,38.892925,-78.139494
"VA, Warren",SCBI,2014,8,13,0,2,Warren,VA,38.892925,-78.139494
"VA, Warren",SCBI,2014,9,23,0,2,Warren,VA,38.892925,-78.139494
"VA, Warren",SCBI,2014,10,1,0,0,Warren,VA,38.892925,-78.139494
"VA, Warren",SCBI,2015,4,20,0,0,Warren,VA,38.892925,-78.139494
"VA, Warren",SCBI,2015,5,10,0,0,Warren,VA,38.892925,-78.139494
"VA, Warren",SCBI,2015,6,6,0,0,Warren,VA,38.892925,-78.139494
"VA, Warren",SCBI,2015,7,16,0,0,Warren,VA,38.892925,-78.139494
"VA, Warren",SCBI,2015,8,19,0,0,Warren,VA,38.892925,-78.139494
"VA, Warren",SCBI,2015,9,76,0,1,Warren,VA,38.892925,-78.139494
"VA, Warren",SCBI,2015,10,5,0,0,Warren,VA,38.892925,-78.139494
"VA, Warren",SCBI,2015,12,1,0,0,Warren,VA,38.892925,-78.139494
"VA, Warren",SCBI,2016,4,1,0,0,Warren,VA,38.892925,-78.139494
"VA, Warren",SCBI,2016,5,18,0,5,Warren,VA,38.892925,-78.139494
"VA, Warren",SCBI,2016,6,10,0,8,Warren,VA,38.892925,-78.139494
"VA, Warren",SCBI,2016,7,6,0,3,Warren,VA,38.892925,-78.139494
"VA, Warren",SCBI,2016,8,12,0,0,Warren,VA,38.892925,-78.139494
"VA, Warren",SCBI,2016,9,36,0,1,Warren,VA,38.892925,-78.139494
"VA, Warren",SCBI,2016,10,24,0,0,Warren,VA,38.892925,-78.139494
"VA, Warren",SCBI,2017,4,3,0,0,Warren,VA,38.892925,-78.139494
"VA, Warren",SCBI,2017,5,22,0,0,Warren,VA,38.892925,-78.139494
"VA, Warren",SCBI,2017,6,13,0,0,Warren,VA,38.892925,-78.139494
"VA, Warren",SCBI,2017,7,13.751031636863825,0,0,Warren,VA,38.892925,-78.139494
"VA, Warren",SCBI,2017,8,51,0,3,Warren,VA,38.892925,-78.139494
"VA, Warren",SCBI,2017,9,54,0,6,Warren,VA,38.892925,-78.139494
"VA, Warren",SCBI,2017,10,7,0,0,Warren,VA,38.892925,-78.139494
"VA, Warren",SCBI,2018,5,3,0,0,Warren,VA,38.892925,-78.139494
"VA, Warren",SCBI,2018,6,43,0,0,Warren,VA,38.892925,-78.139494
"VA, Warren",SCBI,2018,7,14,0,1,Warren,VA,38.892925,-78.139494
"VA, Warren",SCBI,2018,8,9,0,0,Warren,VA,38.892925,-78.139494
"VA, Warren",SCBI,2018,9,238.0754716981132,0,0,Warren,VA,38.892925,-78.139494
"VA, Warren",SCBI,2018,10,36,0,0,Warren,VA,38.892925,-78.139494
"VA, Warren",SCBI,2018,11,2,0,0,Warren,VA,38.892925,-78.139494
"VA, Warren",SCBI,2019,4,2,0,0,Warren,VA,38.892925,-78.139494
"VA, Warren",SCBI,2019,5,68,0,0,Warren,VA,38.892925,-78.139494
"VA, Warren",SCBI,2019,6,5,0,0,Warren,VA,38.892925,-78.139494
"VA, Warren",SCBI,2019,7,3,0,0,Warren,VA,38.892925,-78.139494
"VA, Warren",SCBI,2019,8,15,0,0,Warren,VA,38.892925,-78.139494
"VA, Warren",SCBI,2019,9,16,0,1,Warren,VA,38.892925,-78.139494
"VA, Warren",SCBI,2019,10,1,0,0,Warren,VA,38.892925,-78.139494
"VA, Warren",SCBI,2020,6,11,0,1,Warren,VA,38.892925,-78.139494
"VA, Warren",SCBI,2020,7,14,0,0,Warren,VA,38.892925,-78.139494
"VA, Warren",SCBI,2020,8,31,0,0,Warren,VA,38.892925,-78.139494
"VA, Warren",SCBI,2020,9,6,0,0,Warren,VA,38.892925,-78.139494
"VA, Warren",SCBI,2021,4,1,0,0,Warren,VA,38.892925,-78.139494
"VA, Warren",SCBI,2021,6,1,0,0,Warren,VA,38.892925,-78.139494
"VA, Warren",SCBI,2021,8,10,0,1,Warren,VA,38.892925,-78.139494
"VA, Warren",SCBI,2021,9,14,0,0,Warren,VA,38.892925,-78.139494
"VA, Warren",SCBI,2021,10,8,0,0,Warren,VA,38.892925,-78.139494
"MD, Anne Arundel",SERC,2015,4,25,0,0,Anne Arundel,MD,38.890131,-76.560014
"MD, Anne Arundel",SERC,2015,5,391.6156282998944,0,0,Anne Arundel,MD,38.890131,-76.560014
"MD, Anne Arundel",SERC,2015,6,494,0,9,Anne Arundel,MD,38.890131,-76.560014
"MD, Anne Arundel",SERC,2015,7,15093.041860315096,0,29.873563218390807,Anne Arundel,MD,38.890131,-76.560014
"MD, Anne Arundel",SERC,2015,8,3537.893148859045,0,38.67289719626168,Anne Arundel,MD,38.890131,-76.560014
"MD, Anne Arundel",SERC,2015,9,650,0,13,Anne Arundel,MD,38.890131,-76.560014
"MD, Anne Arundel",SERC,2015,10,43,0,5,Anne Arundel,MD,38.890131,-76.560014
"MD, Anne Arundel",SERC,2015,11,69,0,0,Anne Arundel,MD,38.890131,-76.560014
"MD, Anne Arundel",SERC,2016,5,182,0,0,Anne Arundel,MD,38.890131,-76.560014
"MD, Anne Arundel",SERC,2016,6,2310.703534777651,0,0,Anne Arundel,MD,38.890131,-76.560014
"MD, Anne Arundel",SERC,2016,7,1905.0678936868526,0,0,Anne Arundel,MD,38.890131,-76.560014
"MD, Anne Arundel",SERC,2016,8,1295.350824587706,0,0,Anne Arundel,MD,38.890131,-76.560014
"MD, Anne Arundel",SERC,2016,9,862.3878627968338,0,0,Anne Arundel,MD,38.890131,-76.560014
"MD, Anne Arundel",SERC,2016,10,30,0,0,Anne Arundel,MD,38.890131,-76.560014
"MD, Anne Arundel",SERC,2017,4,72,0,2,Anne Arundel,MD,38.890131,-76.560014
"MD, Anne Arundel",SERC,2017,5,81,0,0,Anne Arundel,MD,38.890131,-76.560014
"MD, Anne Arundel",SERC,2017,6,1213,0,14,Anne Arundel,MD,38.890131,-76.560014
"MD, Anne Arundel",SERC,2017,7,2197.7148237826204,0,0,Anne Arundel,MD,38.890131,-76.560014
"MD, Anne Arundel",SERC,2017,8,1845,0,0,Anne Arundel,MD,38.890131,-76.560014
"MD, Anne Arundel",SERC,2017,9,909.4137931034484,0,0,Anne Arundel,MD,38.890131,-76.560014
"MD, Anne Arundel",SERC,2017,10,1936.1898016997168,0,0,Anne Arundel,MD,38.890131,-76.560014
"MD, Anne Arundel",SERC,2017,11,115,0,0,Anne Arundel,MD,38.890131,-76.560014
"MD, Anne Arundel",SERC,2017,12,10,0,0,Anne Arundel,MD,38.890131,-76.560014
"MD, Anne Arundel",SERC,2018,5,1257.8795072134108,0,0,Anne Arundel,MD,38.890131,-76.560014
"MD, Anne Arundel",SERC,2018,6,580.9915966386554,0,0,Anne Arundel,MD,38.890131,-76.560014
"MD, Anne Arundel",SERC,2018,7,6632.0932725989,0,0,Anne Arundel,MD,38.890131,-76.560014
"MD, Anne Arundel",SERC,2018,8,1487.3409961685825,0,0,Anne Arundel,MD,38.890131,-76.560014
"MD, Anne Arundel",SERC,2018,9,1570.4929785661493,0,0,Anne Arundel,MD,38.890131,-76.560014
"MD, Anne Arundel",SERC,2018,10,721.0365747807608,0,1,Anne Arundel,MD,38.890131,-76.560014
"MD, Anne Arundel",SERC,2018,11,1,0,0,Anne Arundel,MD,38.890131,-76.560014
"MD, Anne Arundel",SERC,2019,4,78,0,0,Anne Arundel,MD,38.890131,-76.560014
"MD, Anne Arundel",SERC,2019,5,2545.024903935016,0,0,Anne Arundel,MD,38.890131,-76.560014
"MD, Anne Arundel",SERC,2019,6,470.53825857519786,0,0,Anne Arundel,MD,38.890131,-76.560014
"MD, Anne Arundel",SERC,2019,7,743.6534296028881,0,0,Anne Arundel,MD,38.890131,-76.560014
"MD, Anne Arundel",SERC,2019,8,298,0,0,Anne Arundel,MD,38.890131,-76.560014
"MD, Anne Arundel",SERC,2019,9,410,0,0,Anne Arundel,MD,38.890131,-76.560014
"MD, Anne Arundel",SERC,2019,10,52,0,0,Anne Arundel,MD,38.890131,-76.560014
"MD, Anne Arundel",SERC,2019,11,177,0,0,Anne Arundel,MD,38.890131,-76.560014
"MD, Anne Arundel",SERC,2019,12,17,0,0,Anne Arundel,MD,38.890131,-76.560014
"MD, Anne Arundel",SERC,2020,10,108,0,0,Anne Arundel,MD,38.890131,-76.560014
"MD, Anne Arundel",SERC,2020,11,61,0,0,Anne Arundel,MD,38.890131,-76.560014
"MD, Anne Arundel",SERC,2021,5,19,0,0,Anne Arundel,MD,38.890131,-76.560014
"MD, Anne Arundel",SERC,2021,6,404.9170579029734,0,0,Anne Arundel,MD,38.890131,-76.560014
"MD, Anne Arundel",SERC,2021,7,385.59183673469386,0,0,Anne Arundel,MD,38.890131,-76.560014
"MD, Anne Arundel",SERC,2021,8,775.9081680830973,0,0,Anne Arundel,MD,38.890131,-76.560014
"MD, Anne Arundel",SERC,2021,9,388.06402453356327,0,0,Anne Arundel,MD,38.890131,-76.560014
"MD, Anne Arundel",SERC,2021,10,155,0,0,Anne Arundel,MD,38.890131,-76.560014
"MD, Anne Arundel",SERC,2021,11,1,0,0,Anne Arundel,MD,38.890131,-76.560014
"MD, Anne Arundel",SERC,2021,12,1,0,0,Anne Arundel,MD,38.890131,-76.560014
"CA, Madera",SJER,2017,1,2,0,0,Madera,CA,37.10878,-119.73228
"CA, Madera",SJER,2017,2,5,4,0,Madera,CA,37.10878,-119.73228
"CA, Madera",SJER,2017,3,1,0,0,Madera,CA,37.10878,-119.73228
"CA, Madera",SJER,2017,4,14,11,3,Madera,CA,37.10878,-119.73228
"CA, Madera",SJER,2017,5,23,11,10,Madera,CA,37.10878,-119.73228
"CA, Madera",SJER,2017,6,18,6,12,Madera,CA,37.10878,-119.73228
"CA, Madera",SJER,2017,7,9,5,4,Madera,CA,37.10878,-119.73228
"CA, Madera",SJER,2017,8,5,2,3,Madera,CA,37.10878,-119.73228
"CA, Madera",SJER,2017,9,4,3,1,Madera,CA,37.10878,-119.73228
"CA, Madera",SJER,2018,1,1,1,0,Madera,CA,37.10878,-119.73228
"CA, Madera",SJER,2018,2,9,9,0,Madera,CA,37.10878,-119.73228
"CA, Madera",SJER,2018,4,1,1,0,Madera,CA,37.10878,-119.73228
"CA, Madera",SJER,2018,5,4,4,0,Madera,CA,37.10878,-119.73228
"CA, Madera",SJER,2018,6,1,1,0,Madera,CA,37.10878,-119.73228
"CA, Madera",SJER,2018,9,1,1,0,Madera,CA,37.10878,-119.73228
"CA, Madera",SJER,2018,10,1,0,0,Madera,CA,37.10878,-119.73228
"CA, Madera",SJER,2018,12,1,1,0,Madera,CA,37.10878,-119.73228
"CA, Madera",SJER,2019,4,7,6,0,Madera,CA,37.10878,-119.73228
"CA, Madera",SJER,2019,5,7,7,0,Madera,CA,37.10878,-119.73228
"CA, Madera",SJER,2019,6,7,4,3,Madera,CA,37.10878,-119.73228
"CA, Madera",SJER,2019,7,10,7,1,Madera,CA,37.10878,-119.73228
"CA, Madera",SJER,2019,8,2,2,0,Madera,CA,37.10878,-119.73228
"CA, Madera",SJER,2020,3,3,3,0,Madera,CA,37.10878,-119.73228
"CA, Madera",SJER,2021,3,3,2,0,Madera,CA,37.10878,-119.73228
"CA, Madera",SJER,2021,4,1,1,0,Madera,CA,37.10878,-119.73228
"CA, Madera",SJER,2022,1,2,2,0,Madera,CA,37.10878,-119.73228
"CA, Fresno",SOAP,2018,6,1,1,0,Fresno,CA,37.03337,-119.26219
"CA, Fresno",SOAP,2018,7,1,1,0,Fresno,CA,37.03337,-119.26219
"CA, Fresno",SOAP,2019,6,1,1,0,Fresno,CA,37.03337,-119.26219
"CA, Fresno",SOAP,2019,7,1,1,0,Fresno,CA,37.03337,-119.26219
"CA, Fresno",SOAP,2019,9,1,1,0,Fresno,CA,37.03337,-119.26219
"CA, Fresno",SOAP,2021,5,1,1,0,Fresno,CA,37.03337,-119.26219
"AZ, Pima",SRER,2016,7,1,1,0,Pima,AZ,31.91068,-110.83549
"AZ, Pima",SRER,2016,8,1,0,0,Pima,AZ,31.91068,-110.83549
"AZ, Pima",SRER,2016,9,8,7,0,Pima,AZ,31.91068,-110.83549
"AZ, Pima",SRER,2016,10,2,2,0,Pima,AZ,31.91068,-110.83549
"AZ, Pima",SRER,2017,4,1,1,0,Pima,AZ,31.91068,-110.83549
"AZ, Pima",SRER,2017,7,1,1,0,Pima,AZ,31.91068,-110.83549
"AZ, Pima",SRER,2017,9,2,2,0,Pima,AZ,31.91068,-110.83549
"AZ, Pima",SRER,2017,12,1,1,0,Pima,AZ,31.91068,-110.83549
"AZ, Pima",SRER,2018,1,2,2,0,Pima,AZ,31.91068,-110.83549
"AZ, Pima",SRER,2018,2,2,2,0,Pima,AZ,31.91068,-110.83549
"AZ, Pima",SRER,2018,3,1,1,0,Pima,AZ,31.91068,-110.83549
"AZ, Pima",SRER,2018,10,1,1,0,Pima,AZ,31.91068,-110.83549
"AZ, Pima",SRER,2018,11,1,1,0,Pima,AZ,31.91068,-110.83549
"AZ, Pima",SRER,2018,12,1,1,0,Pima,AZ,31.91068,-110.83549
"AZ, Pima",SRER,2019,2,12,12,0,Pima,AZ,31.91068,-110.83549
"AZ, Pima",SRER,2019,4,1,1,0,Pima,AZ,31.91068,-110.83549
"AZ, Pima",SRER,2019,6,1,1,0,Pima,AZ,31.91068,-110.83549
"AZ, Pima",SRER,2019,11,4,4,0,Pima,AZ,31.91068,-110.83549
"AZ, Pima",SRER,2019,12,3,3,0,Pima,AZ,31.91068,-110.83549
"AZ, Pima",SRER,2020,1,2003,2003,0,Pima,AZ,31.91068,-110.83549
"AZ, Pima",SRER,2020,11,1,1,0,Pima,AZ,31.91068,-110.83549
"AZ, Pima",SRER,2021,7,1,1,0,Pima,AZ,31.91068,-110.83549
"AZ, Pima",SRER,2021,8,7.746586167817739,3.557632398753894,0,Pima,AZ,31.91068,-110.83549
"AZ, Pima",SRER,2021,9,6,4,0,Pima,AZ,31.91068,-110.83549
"AZ, Pima",SRER,2021,10,1,1,0,Pima,AZ,31.91068,-110.83549
"AZ, Pima",SRER,2021,11,2,2,0,Pima,AZ,31.91068,-110.83549
"AZ, Pima",SRER,2021,12,2,1,0,Pima,AZ,31.91068,-110.83549
"AZ, Pima",SRER,2022,1,3,3,0,Pima,AZ,31.91068,-110.83549
"WI, Lincoln",STEI,2016,5,30,0,0,Lincoln,WI,45.50894,-89.58637
"WI, Lincoln",STEI,2016,6,20.303369215713687,0,0,Lincoln,WI,45.50894,-89.58637
"WI, Lincoln",STEI,2016,7,90.90909090909092,0,0,Lincoln,WI,45.50894,-89.58637
"WI, Lincoln",STEI,2016,8,16.509418072227554,0,2.680965147453083,Lincoln,WI,45.50894,-89.58637
"WI, Lincoln",STEI,2017,5,4,0,0,Lincoln,WI,45.50894,-89.58637
"WI, Lincoln",STEI,2017,6,74.16016205245403,0,0,Lincoln,WI,45.50894,-89.58637
"WI, Lincoln",STEI,2017,7,124.64985994397759,0,0,Lincoln,WI,45.50894,-89.58637
"WI, Lincoln",STEI,2017,8,59.52349144888377,0,0,Lincoln,WI,45.50894,-89.58637
"WI, Lincoln",STEI,2018,6,25.132726476994787,0,0,Lincoln,WI,45.50894,-89.58637
"WI, Lincoln",STEI,2018,7,24.390243902439025,0,0,Lincoln,WI,45.50894,-89.58637
"WI, Lincoln",STEI,2018,8,5.1020408163265305,0,0,Lincoln,WI,45.50894,-89.58637
"WI, Lincoln",STEI,2019,5,1,0,0,Lincoln,WI,45.50894,-89.58637
"WI, Lincoln",STEI,2019,6,152.96746340992638,0,0,Lincoln,WI,45.50894,-89.58637
"WI, Lincoln",STEI,2019,7,194.3573667711599,0,0,Lincoln,WI,45.50894,-89.58637
"WI, Lincoln",STEI,2019,8,3.4722222222222223,0,0,Lincoln,WI,45.50894,-89.58637
"WI, Lincoln",STEI,2019,9,4.364066193853428,0,0,Lincoln,WI,45.50894,-89.58637
"WI, Lincoln",STEI,2019,10,2,0,0,Lincoln,WI,45.50894,-89.58637
"WI, Lincoln",STEI,2020,6,1.203369434416366,0,0,Lincoln,WI,45.50894,-89.58637
"WI, Lincoln",STEI,2020,7,110.92292141428264,0,0,Lincoln,WI,45.50894,-89.58637
"WI, Lincoln",STEI,2020,8,6.227171492204899,0,0,Lincoln,WI,45.50894,-89.58637
"WI, Lincoln",STEI,2021,5,13.134704628119906,0,0,Lincoln,WI,45.50894,-89.58637
"WI, Lincoln",STEI,2021,6,1.1013215859030836,0,0,Lincoln,WI,45.50894,-89.58637
"CO, Logan",STER,2014,6,15,15,0,Logan,CO,40.461894,-103.02929
"CO, Logan",STER,2014,7,177,177,0,Logan,CO,40.461894,-103.02929
"CO, Logan",STER,2014,8,2253,2252,0,Logan,CO,40.461894,-103.02929
"CO, Logan",STER,2014,9,998,996,0,Logan,CO,40.461894,-103.02929
"CO, Logan",STER,2014,10,15,15,0,Logan,CO,40.461894,-103.02929
"CO, Logan",STER,2016,5,7,7,0,Logan,CO,40.461894,-103.02929
"CO, Logan",STER,2016,6,554,550,0,Logan,CO,40.461894,-103.02929
"CO, Logan",STER,2016,7,2203.9785229668914,2203.9785229668914,0,Logan,CO,40.461894,-103.02929
"CO, Logan",STER,2016,8,174,174,0,Logan,CO,40.461894,-103.02929
"CO, Logan",STER,2016,9,2,2,0,Logan,CO,40.461894,-103.02929
"CO, Logan",STER,2017,6,9,9,0,Logan,CO,40.461894,-103.02929
"CO, Logan",STER,2017,7,1,1,0,Logan,CO,40.461894,-103.02929
"CO, Logan",STER,2017,8,65,65,0,Logan,CO,40.461894,-103.02929
"CO, Logan",STER,2017,9,1,1,0,Logan,CO,40.461894,-103.02929
"CO, Logan",STER,2018,5,2,2,0,Logan,CO,40.461894,-103.02929
"CO, Logan",STER,2018,6,173,173,0,Logan,CO,40.461894,-103.02929
"CO, Logan",STER,2018,7,437,437,0,Logan,CO,40.461894,-103.02929
"CO, Logan",STER,2018,8,46,46,0,Logan,CO,40.461894,-103.02929
"CO, Logan",STER,2018,9,1,1,0,Logan,CO,40.461894,-103.02929
"CO, Logan",STER,2019,6,24,24,0,Logan,CO,40.461894,-103.02929
"CO, Logan",STER,2019,7,214,214,0,Logan,CO,40.461894,-103.02929
"CO, Logan",STER,2019,8,84,84,0,Logan,CO,40.461894,-103.02929
"CO, Logan",STER,2019,9,4,4,0,Logan,CO,40.461894,-103.02929
"CO, Logan",STER,2021,6,442,442,0,Logan,CO,40.461894,-103.02929
"CO, Logan",STER,2021,7,302,302,0,Logan,CO,40.461894,-103.02929
"CO, Logan",STER,2021,8,37,37,0,Logan,CO,40.461894,-103.02929
"CO, Logan",STER,2021,9,32,32,0,Logan,CO,40.461894,-103.02929
"AL, Bibb",TALL,2014,5,22,0,0,Bibb,AL,32.95047,-87.393259
"AL, Bibb",TALL,2014,6,13,0,0,Bibb,AL,32.95047,-87.393259
"AL, Bibb",TALL,2014,7,48,0,0,Bibb,AL,32.95047,-87.393259
"AL, Bibb",TALL,2014,8,291,0,0,Bibb,AL,32.95047,-87.393259
"AL, Bibb",TALL,2014,9,312,0,0,Bibb,AL,32.95047,-87.393259
"AL, Bibb",TALL,2014,10,82,0,0,Bibb,AL,32.95047,-87.393259
"AL, Bibb",TALL,2016,3,10,0,0,Bibb,AL,32.95047,-87.393259
"AL, Bibb",TALL,2016,4,23,0,0,Bibb,AL,32.95047,-87.393259
"AL, Bibb",TALL,2016,5,13,0,0,Bibb,AL,32.95047,-87.393259
"AL, Bibb",TALL,2016,6,11,0,0,Bibb,AL,32.95047,-87.393259
"AL, Bibb",TALL,2016,7,35,0,0,Bibb,AL,32.95047,-87.393259
"AL, Bibb",TALL,2016,8,153,0,0,Bibb,AL,32.95047,-87.393259
"AL, Bibb",TALL,2016,9,114,0,0,Bibb,AL,32.95047,-87.393259
"AL, Bibb",TALL,2016,10,39,0,0,Bibb,AL,32.95047,-87.393259
"AL, Bibb",TALL,2016,11,13,0,0,Bibb,AL,32.95047,-87.393259
"AL, Bibb",TALL,2017,1,1,0,0,Bibb,AL,32.95047,-87.393259
"AL, Bibb",TALL,2017,2,126,0,0,Bibb,AL,32.95047,-87.393259
"AL, Bibb",TALL,2017,3,156,0,0,Bibb,AL,32.95047,-87.393259
"AL, Bibb",TALL,2017,4,35,0,0,Bibb,AL,32.95047,-87.393259
"AL, Bibb",TALL,2017,5,7,0,0,Bibb,AL,32.95047,-87.393259
"AL, Bibb",TALL,2017,6,33,0,0,Bibb,AL,32.95047,-87.393259
"AL, Bibb",TALL,2017,7,84,0,0,Bibb,AL,32.95047,-87.393259
"AL, Bibb",TALL,2017,8,250,0,0,Bibb,AL,32.95047,-87.393259
"AL, Bibb",TALL,2017,9,253,0,0,Bibb,AL,32.95047,-87.393259
"AL, Bibb",TALL,2017,10,204,0,0,Bibb,AL,32.95047,-87.393259
"AL, Bibb",TALL,2017,11,17,0,0,Bibb,AL,32.95047,-87.393259
"AL, Bibb",TALL,2018,1,1,0,0,Bibb,AL,32.95047,-87.393259
"AL, Bibb",TALL,2018,2,141,0,0,Bibb,AL,32.95047,-87.393259
"AL, Bibb",TALL,2018,4,60,0,0,Bibb,AL,32.95047,-87.393259
"AL, Bibb",TALL,2018,5,5,0,0,Bibb,AL,32.95047,-87.393259
"AL, Bibb",TALL,2018,6,10,0,0,Bibb,AL,32.95047,-87.393259
"AL, Bibb",TALL,2018,7,16,0,0,Bibb,AL,32.95047,-87.393259
"AL, Bibb",TALL,2018,8,90,0,0,Bibb,AL,32.95047,-87.393259
"AL, Bibb",TALL,2018,9,211,0,0,Bibb,AL,32.95047,-87.393259
"AL, Bibb",TALL,2018,10,56,0,0,Bibb,AL,32.95047,-87.393259
"AL, Bibb",TALL,2018,12,2,0,0,Bibb,AL,32.95047,-87.393259
"AL, Bibb",TALL,2019,1,1,0,0,Bibb,AL,32.95047,-87.393259
"AL, Bibb",TALL,2019,2,30,0,0,Bibb,AL,32.95047,-87.393259
"AL, Bibb",TALL,2019,3,4,0,0,Bibb,AL,32.95047,-87.393259
"AL, Bibb",TALL,2019,4,41,0,0,Bibb,AL,32.95047,-87.393259
"AL, Bibb",TALL,2019,5,7,0,0,Bibb,AL,32.95047,-87.393259
"AL, Bibb",TALL,2019,6,5,0,0,Bibb,AL,32.95047,-87.393259
"AL, Bibb",TALL,2019,7,21,0,0,Bibb,AL,32.95047,-87.393259
"AL, Bibb",TALL,2019,8,57,0,0,Bibb,AL,32.95047,-87.393259
"AL, Bibb",TALL,2019,9,60,0,0,Bibb,AL,32.95047,-87.393259
"AL, Bibb",TALL,2019,10,33,0,0,Bibb,AL,32.95047,-87.393259
"AL, Bibb",TALL,2019,11,1,0,0,Bibb,AL,32.95047,-87.393259
"AL, Bibb",TALL,2019,12,1,0,0,Bibb,AL,32.95047,-87.393259
"AL, Bibb",TALL,2020,2,6,0,0,Bibb,AL,32.95047,-87.393259
"AL, Bibb",TALL,2020,3,98,0,0,Bibb,AL,32.95047,-87.393259
"AL, Bibb",TALL,2020,5,15,0,0,Bibb,AL,32.95047,-87.393259
"AL, Bibb",TALL,2020,7,53,0,0,Bibb,AL,32.95047,-87.393259
"AL, Bibb",TALL,2020,8,91,0,0,Bibb,AL,32.95047,-87.393259
"AL, Bibb",TALL,2020,9,93,0,0,Bibb,AL,32.95047,-87.393259
"AL, Bibb",TALL,2020,10,222,0,0,Bibb,AL,32.95047,-87.393259
"AL, Bibb",TALL,2020,11,1,0,0,Bibb,AL,32.95047,-87.393259
"AL, Bibb",TALL,2021,3,45,0,0,Bibb,AL,32.95047,-87.393259
"AL, Bibb",TALL,2021,4,9,0,0,Bibb,AL,32.95047,-87.393259
"AL, Bibb",TALL,2021,5,5.748251748251748,0,0,Bibb,AL,32.95047,-87.393259
"AL, Bibb",TALL,2021,6,13,0,0,Bibb,AL,32.95047,-87.393259
"AL, Bibb",TALL,2021,7,20,0,0,Bibb,AL,32.95047,-87.393259
"AL, Bibb",TALL,2021,8,14,0,0,Bibb,AL,32.95047,-87.393259
"AL, Bibb",TALL,2021,9,103,0,0,Bibb,AL,32.95047,-87.393259
"AL, Bibb",TALL,2021,10,55,0,0,Bibb,AL,32.95047,-87.393259
"AL, Bibb",TALL,2021,11,1,0,0,Bibb,AL,32.95047,-87.393259
"AL, Bibb",TALL,2022,1,1,0,0,Bibb,AL,32.95047,-87.393259
"CA, Fresno",TEAK,2019,8,4,4,0,Fresno,CA,37.00583,-119.00602
"CA, Fresno",TEAK,2021,7,3,3,0,Fresno,CA,37.00583,-119.00602
"WI, Lincoln",TREE,2016,5,32.54801675544293,0,0,Lincoln,WI,45.49369,-89.58571
"WI, Lincoln",TREE,2016,6,118.80865749571328,0,0,Lincoln,WI,45.49369,-89.58571
"WI, Lincoln",TREE,2016,7,80.58411188361619,0,0,Lincoln,WI,45.49369,-89.58571
"WI, Lincoln",TREE,2016,9,1,0,0,Lincoln,WI,45.49369,-89.58571
"WI, Lincoln",TREE,2016,10,1,0,0,Lincoln,WI,45.49369,-89.58571
"WI, Lincoln",TREE,2017,5,4,0,0,Lincoln,WI,45.49369,-89.58571
"WI, Lincoln",TREE,2017,6,41.43532956793018,0,0,Lincoln,WI,45.49369,-89.58571
"WI, Lincoln",TREE,2017,7,265.92702770657183,0,0,Lincoln,WI,45.49369,-89.58571
"WI, Lincoln",TREE,2017,8,570.0774328904746,0,0,Lincoln,WI,45.49369,-89.58571
"WI, Lincoln",TREE,2018,5,121.01770928538667,0,0,Lincoln,WI,45.49369,-89.58571
"WI, Lincoln",TREE,2018,6,49.40667091950315,0,0,Lincoln,WI,45.49369,-89.58571
"WI, Lincoln",TREE,2018,7,50.76241317238043,0,0,Lincoln,WI,45.49369,-89.58571
"WI, Lincoln",TREE,2019,5,11.270025839793282,0,0,Lincoln,WI,45.49369,-89.58571
"WI, Lincoln",TREE,2019,6,312.37964114968196,0,0,Lincoln,WI,45.49369,-89.58571
"WI, Lincoln",TREE,2019,7,71.87816096410498,0,0,Lincoln,WI,45.49369,-89.58571
"WI, Lincoln",TREE,2019,8,4,0,0,Lincoln,WI,45.49369,-89.58571
"WI, Lincoln",TREE,2020,7,64.6577546474009,0,0,Lincoln,WI,45.49369,-89.58571
"WI, Lincoln",TREE,2021,6,32,0,0,Lincoln,WI,45.49369,-89.58571
"WI, Lincoln",TREE,2021,7,23.457002457002456,0,0,Lincoln,WI,45.49369,-89.58571
"WI, Lincoln",TREE,2021,8,5,0,0,Lincoln,WI,45.49369,-89.58571
"WI, Lincoln",TREE,2021,9,1,1,0,Lincoln,WI,45.49369,-89.58571
"KS, Jefferson",UKFS,2016,4,4,0,0,Jefferson,KS,39.040431,-95.19215
"KS, Jefferson",UKFS,2016,5,21,1,1,Jefferson,KS,39.040431,-95.19215
"KS, Jefferson",UKFS,2016,6,49,8,0,Jefferson,KS,39.040431,-95.19215
"KS, Jefferson",UKFS,2016,7,528.7310924369748,3,0,Jefferson,KS,39.040431,-95.19215
"KS, Jefferson",UKFS,2016,8,1787.1848341232228,2.579778830963665,0,Jefferson,KS,39.040431,-95.19215
"KS, Jefferson",UKFS,2016,9,1078,137,0,Jefferson,KS,39.040431,-95.19215
"KS, Jefferson",UKFS,2016,10,21,1,0,Jefferson,KS,39.040431,-95.19215
"KS, Jefferson",UKFS,2016,11,16,0,0,Jefferson,KS,39.040431,-95.19215
"KS, Jefferson",UKFS,2017,4,17.843311348904624,4.9217427214536444,0,Jefferson,KS,39.040431,-95.19215
"KS, Jefferson",UKFS,2017,5,17,13,0,Jefferson,KS,39.040431,-95.19215
"KS, Jefferson",UKFS,2017,6,19,1,0,Jefferson,KS,39.040431,-95.19215
"KS, Jefferson",UKFS,2017,7,89,0,0,Jefferson,KS,39.040431,-95.19215
"KS, Jefferson",UKFS,2017,8,574,4,2,Jefferson,KS,39.040431,-95.19215
"KS, Jefferson",UKFS,2017,9,473.96012458238437,25.23728813559322,0,Jefferson,KS,39.040431,-95.19215
"KS, Jefferson",UKFS,2017,10,243,26,1,Jefferson,KS,39.040431,-95.19215
"KS, Jefferson",UKFS,2017,11,1,0,0,Jefferson,KS,39.040431,-95.19215
"KS, Jefferson",UKFS,2018,5,2,0,0,Jefferson,KS,39.040431,-95.19215
"KS, Jefferson",UKFS,2018,6,6,1,0,Jefferson,KS,39.040431,-95.19215
"KS, Jefferson",UKFS,2018,7,139,0,0,Jefferson,KS,39.040431,-95.19215
"KS, Jefferson",UKFS,2018,8,266,58,0,Jefferson,KS,39.040431,-95.19215
"KS, Jefferson",UKFS,2018,9,675,9,1,Jefferson,KS,39.040431,-95.19215
"KS, Jefferson",UKFS,2018,10,84,14,0,Jefferson,KS,39.040431,-95.19215
"KS, Jefferson",UKFS,2018,11,12,0,0,Jefferson,KS,39.040431,-95.19215
"KS, Jefferson",UKFS,2019,5,12,0,0,Jefferson,KS,39.040431,-95.19215
"KS, Jefferson",UKFS,2019,6,101,4,0,Jefferson,KS,39.040431,-95.19215
"KS, Jefferson",UKFS,2019,7,59,3,0,Jefferson,KS,39.040431,-95.19215
"KS, Jefferson",UKFS,2019,8,289.54369231560275,4,0,Jefferson,KS,39.040431,-95.19215
"KS, Jefferson",UKFS,2019,9,1067.5290285639321,26.398523320727534,0,Jefferson,KS,39.040431,-95.19215
"KS, Jefferson",UKFS,2019,10,58,0,0,Jefferson,KS,39.040431,-95.19215
"KS, Jefferson",UKFS,2020,6,17,0,0,Jefferson,KS,39.040431,-95.19215
"KS, Jefferson",UKFS,2020,7,188,0,0,Jefferson,KS,39.040431,-95.19215
"KS, Jefferson",UKFS,2020,8,947.1631644004945,14,1,Jefferson,KS,39.040431,-95.19215
"KS, Jefferson",UKFS,2020,9,109,5,0,Jefferson,KS,39.040431,-95.19215
"KS, Jefferson",UKFS,2020,10,1,0,0,Jefferson,KS,39.040431,-95.19215
"KS, Jefferson",UKFS,2021,5,8.597701149425287,0,0,Jefferson,KS,39.040431,-95.19215
"KS, Jefferson",UKFS,2021,6,15.666666666666666,4,0,Jefferson,KS,39.040431,-95.19215
"KS, Jefferson",UKFS,2021,7,156.1702284450995,1,0,Jefferson,KS,39.040431,-95.19215
"KS, Jefferson",UKFS,2021,8,840,0,0,Jefferson,KS,39.040431,-95.19215
"KS, Jefferson",UKFS,2021,9,122,10,0,Jefferson,KS,39.040431,-95.19215
"KS, Jefferson",UKFS,2021,10,19,2,0,Jefferson,KS,39.040431,-95.19215
"KS, Jefferson",UKFS,2021,11,1,0,0,Jefferson,KS,39.040431,-95.19215
"MI, Gogebic",UNDE,2014,8,1.25,0,0,Gogebic,MI,46.23391,-89.537254
"MI, Gogebic",UNDE,2014,9,3,0,0,Gogebic,MI,46.23391,-89.537254
"MI, Gogebic",UNDE,2016,4,1,0,0,Gogebic,MI,46.23391,-89.537254
"MI, Gogebic",UNDE,2016,5,5,0,0,Gogebic,MI,46.23391,-89.537254
"MI, Gogebic",UNDE,2016,6,173.6357144762003,0,0,Gogebic,MI,46.23391,-89.537254
"MI, Gogebic",UNDE,2016,7,335.2845642113125,0,0,Gogebic,MI,46.23391,-89.537254
"MI, Gogebic",UNDE,2016,8,194.04000379394037,0,0,Gogebic,MI,46.23391,-89.537254
"MI, Gogebic",UNDE,2016,9,3.672240802675585,0,0,Gogebic,MI,46.23391,-89.537254
"MI, Gogebic",UNDE,2016,10,1,0,0,Gogebic,MI,46.23391,-89.537254
"MI, Gogebic",UNDE,2016,11,1,0,0,Gogebic,MI,46.23391,-89.537254
"MI, Gogebic",UNDE,2017,6,110.11717246788606,0,0,Gogebic,MI,46.23391,-89.537254
"MI, Gogebic",UNDE,2017,7,666.0980970040084,0,0,Gogebic,MI,46.23391,-89.537254
"MI, Gogebic",UNDE,2017,8,130.03612002927312,0,0,Gogebic,MI,46.23391,-89.537254
"MI, Gogebic",UNDE,2017,10,1,0,0,Gogebic,MI,46.23391,-89.537254
"MI, Gogebic",UNDE,2018,6,86.25653129822908,0,0,Gogebic,MI,46.23391,-89.537254
"MI, Gogebic",UNDE,2018,7,13.513513513513514,0,0,Gogebic,MI,46.23391,-89.537254
"MI, Gogebic",UNDE,2018,8,8.653463324764548,0,0,Gogebic,MI,46.23391,-89.537254
"MI, Gogebic",UNDE,2019,5,4,0,0,Gogebic,MI,46.23391,-89.537254
"MI, Gogebic",UNDE,2019,6,99.6448108682689,0,0,Gogebic,MI,46.23391,-89.537254
"MI, Gogebic",UNDE,2019,7,78.28690081059459,0,0,Gogebic,MI,46.23391,-89.537254
"MI, Gogebic",UNDE,2019,8,29.916495086901467,0,0,Gogebic,MI,46.23391,-89.537254
"MI, Gogebic",UNDE,2019,10,1,0,0,Gogebic,MI,46.23391,-89.537254
"MI, Gogebic",UNDE,2020,6,457.31716425175665,0,0,Gogebic,MI,46.23391,-89.537254
"MI, Gogebic",UNDE,2020,7,62.77044269115429,0,0,Gogebic,MI,46.23391,-89.537254
"MI, Gogebic",UNDE,2020,8,7.356761375774408,0,0,Gogebic,MI,46.23391,-89.537254
"MI, Gogebic",UNDE,2020,9,1,0,0,Gogebic,MI,46.23391,-89.537254
"MI, Gogebic",UNDE,2020,10,1,0,0,Gogebic,MI,46.23391,-89.537254
"MI, Gogebic",UNDE,2021,6,42.610916054899455,0,0,Gogebic,MI,46.23391,-89.537254
"MI, Gogebic",UNDE,2021,7,45.836751435602956,0,0,Gogebic,MI,46.23391,-89.537254
"MI, Gogebic",UNDE,2021,8,1,0,0,Gogebic,MI,46.23391,-89.537254
"MI, Gogebic",UNDE,2021,10,1,0,0,Gogebic,MI,46.23391,-89.537254
"ND, Stutsman",WOOD,2014,6,15,15,0,Stutsman,ND,47.1282,-99.241334
"ND, Stutsman",WOOD,2014,7,1065.9859570946674,1065.9859570946674,0,Stutsman,ND,47.1282,-99.241334
"ND, Stutsman",WOOD,2014,8,1190.868255970117,1190.868255970117,0,Stutsman,ND,47.1282,-99.241334
"ND, Stutsman",WOOD,2016,6,Inf,Inf,NA,Stutsman,ND,47.1282,-99.241334
"ND, Stutsman",WOOD,2016,7,1121.7926117196646,1118.7926117196646,0,Stutsman,ND,47.1282,-99.241334
"ND, Stutsman",WOOD,2016,8,3084.1411444386154,3084.1411444386154,0,Stutsman,ND,47.1282,-99.241334
"ND, Stutsman",WOOD,2016,9,121.41284821313583,121.41284821313583,0,Stutsman,ND,47.1282,-99.241334
"ND, Stutsman",WOOD,2016,10,1,1,0,Stutsman,ND,47.1282,-99.241334
"ND, Stutsman",WOOD,2017,6,113.01440540196384,113.01440540196384,0,Stutsman,ND,47.1282,-99.241334
"ND, Stutsman",WOOD,2017,7,2516.5760498639174,2511.3404477696763,0,Stutsman,ND,47.1282,-99.241334
"ND, Stutsman",WOOD,2017,8,1541.4895755829195,1540.4895755829195,1,Stutsman,ND,47.1282,-99.241334
"ND, Stutsman",WOOD,2017,9,7.291845493562231,7.291845493562231,0,Stutsman,ND,47.1282,-99.241334
"ND, Stutsman",WOOD,2018,5,15.3475935828877,13.010695187165776,1,Stutsman,ND,47.1282,-99.241334
"ND, Stutsman",WOOD,2018,6,665.4263088639502,664.0469985191227,0,Stutsman,ND,47.1282,-99.241334
"ND, Stutsman",WOOD,2018,7,2363.9057454333065,2363.9057454333065,0,Stutsman,ND,47.1282,-99.241334
"ND, Stutsman",WOOD,2018,8,2535.8963864086154,2535.8963864086154,0,Stutsman,ND,47.1282,-99.241334
"ND, Stutsman",WOOD,2019,6,12.201551237427028,9.865102639296186,2.336448598130841,Stutsman,ND,47.1282,-99.241334
"ND, Stutsman",WOOD,2019,7,2451.475711118574,2451.475711118574,0,Stutsman,ND,47.1282,-99.241334
"ND, Stutsman",WOOD,2019,8,1903.3711495420919,1836.9708340462512,0,Stutsman,ND,47.1282,-99.241334
"ND, Stutsman",WOOD,2019,9,3.9840637450199203,3.9840637450199203,0,Stutsman,ND,47.1282,-99.241334
"ND, Stutsman",WOOD,2019,10,1,1,0,Stutsman,ND,47.1282,-99.241334
"ND, Stutsman",WOOD,2020,6,126.49673283655048,126.49673283655048,0,Stutsman,ND,47.1282,-99.241334
"ND, Stutsman",WOOD,2020,7,3933.04327357433,3933.04327357433,0,Stutsman,ND,47.1282,-99.241334
"ND, Stutsman",WOOD,2020,8,2839.7190062151058,2839.7190062151058,0,Stutsman,ND,47.1282,-99.241334
"ND, Stutsman",WOOD,2021,6,5,4,0,Stutsman,ND,47.1282,-99.241334
"ND, Stutsman",WOOD,2021,7,1444.4977972722425,1444.4977972722425,0,Stutsman,ND,47.1282,-99.241334
"ND, Stutsman",WOOD,2021,8,1338.056433408578,1338.056433408578,0,Stutsman,ND,47.1282,-99.241334
"ND, Stutsman",WOOD,2021,9,3,3,0,Stutsman,ND,47.1282,-99.241334
"WA, Skamania",WREF,2018,7,1,1,0,Skamania,WA,45.82049,-121.95191
"WA, Skamania",WREF,2018,8,1,0,0,Skamania,WA,45.82049,-121.95191
"WA, Skamania",WREF,2019,8,1,1,0,Skamania,WA,45.82049,-121.95191
"WY, Park",YELL,2018,7,1,1,0,Park,WY,44.95348,-110.53914
"WY, Park",YELL,2018,8,2,2,0,Park,WY,44.95348,-110.53914
"WY, Park",YELL,2019,7,8.90462958813248,8.90462958813248,0,Park,WY,44.95348,-110.53914
"WY, Park",YELL,2019,8,5,5,0,Park,WY,44.95348,-110.53914
"WY, Park",YELL,2021,6,7,7,0,Park,WY,44.95348,-110.53914
"WY, Park",YELL,2021,7,1,1,0,Park,WY,44.95348,-110.53914
"WY, Park",YELL,2021,8,2,2,0,Park,WY,44.95348,-110.53914
